Date,Open,High,Low,Close,Adj Close,Volume,Days
2018-02-21,43.2075,43.529999,42.752499,42.767502,40.771168,149886400,1
2018-02-22,42.950001,43.487499,42.927502,43.125,41.111973,123967600,2
2018-02-23,43.4175,43.912498,43.384998,43.875,41.826965,135249600,3
2018-02-26,44.087502,44.8475,44.052502,44.7425,42.653973,152648800,4
2018-02-27,44.775002,45.119999,44.540001,44.5975,42.515728,155712400,5
2018-02-28,44.814999,45.154999,44.512501,44.529999,42.451385,151128400,6
2018-03-01,44.634998,44.945,43.165001,43.75,41.70779,195208000,7
2018-03-02,43.200001,44.075001,43.112499,44.052502,41.99617,153816000,8
2018-03-05,43.802502,44.435001,43.630001,44.205002,42.141567,113605600,9
2018-03-06,44.477501,44.5625,44.032501,44.1675,42.105801,95154000,10
2018-03-07,43.735001,43.962502,43.567501,43.7575,41.714947,126814000,11
2018-03-08,43.869999,44.279999,43.767502,44.235001,42.170143,95096400,12
2018-03-09,44.490002,45,44.3475,44.994999,42.894688,128740800,13
2018-03-12,45.072498,45.5975,45.052502,45.43,43.309372,128828400,14
2018-03-13,45.647499,45.875,44.810001,44.9925,42.8923,126774000,15
2018-03-14,45.080002,45.130001,44.452499,44.610001,42.527657,117473600,16
2018-03-15,44.625,45.060001,44.517502,44.662498,42.577709,90975200,17
2018-03-16,44.662498,44.779999,44.404999,44.505001,42.427563,157618800,18
2018-03-19,44.330002,44.3675,43.415001,43.825001,41.779301,133787200,19
2018-03-20,43.810001,44.200001,43.735001,43.810001,41.764992,78597600,20
2018-03-21,43.759998,43.772499,42.814999,42.817501,40.818836,148219600,21
2018-03-22,42.5,43.169998,42.150002,42.212502,40.242073,165963200,22
2018-03-23,42.0975,42.48,41.235001,41.235001,39.310196,164115200,23
2018-03-26,42.017502,43.275002,41.610001,43.192501,41.176327,150164800,24
2018-03-27,43.419998,43.787498,41.73,42.084999,40.120522,163690400,25
2018-03-28,41.8125,42.505001,41.297501,41.619999,39.677223,166674000,26
2018-03-29,41.952499,42.9375,41.724998,41.945,39.987053,153594000,27
2018-04-02,41.66,42.235001,41.1175,41.669998,39.72488,150347200,28
2018-04-03,41.91,42.1875,41.220001,42.0975,40.132435,121112000,29
2018-04-04,41.220001,43.002499,41.192501,42.9025,40.899857,138422000,30
2018-04-05,43.145,43.557499,43.02,43.200001,41.183464,107732800,31
2018-04-06,42.7425,43.119999,42.049999,42.095001,40.130054,140021200,32
2018-04-09,42.470001,43.272499,42.462502,42.512501,40.528061,116070800,33
2018-04-10,43.25,43.5,42.8825,43.3125,41.290718,113634400,34
2018-04-11,43.057499,43.48,42.924999,43.110001,41.097679,89726400,35
2018-04-12,43.352501,43.75,43.259998,43.535,41.502834,91557200,36
2018-04-13,43.695,43.959999,43.462502,43.682499,41.64344,100497200,37
2018-04-16,43.7575,44.047501,43.7075,43.955002,41.903233,86313600,38
2018-04-17,44.122501,44.735001,44.102501,44.560001,42.479992,106421600,39
2018-04-18,44.452499,44.705002,44.220001,44.459999,42.384655,83018000,40
2018-04-19,43.439999,43.8475,43.165001,43.200001,41.183464,139235200,41
2018-04-20,42.650002,42.805,41.357498,41.43,39.496086,261964400,42
2018-04-23,41.7075,41.73,41.022499,41.310001,39.381695,146062000,43
2018-04-24,41.4175,41.5825,40.305,40.735001,38.833534,134768000,44
2018-04-25,40.654999,41.355,40.602501,40.912498,39.00275,113528400,45
2018-04-26,41.029999,41.432499,40.842499,41.055,39.138599,111852000,46
2018-04-27,41,41.0825,40.157501,40.580002,38.685772,142623200,47
2018-04-30,40.532501,41.814999,40.459999,41.314999,39.386459,169709600,48
2018-05-01,41.602501,42.299999,41.317501,42.275002,40.301659,214277600,49
2018-05-02,43.807499,44.4375,43.450001,44.142502,42.081978,266157600,50
2018-05-03,43.970001,44.375,43.610001,44.2225,42.158249,136272800,51
2018-05-04,44.5625,46.0625,44.5425,45.9575,43.812252,224805200,52
2018-05-07,46.294998,46.9175,46.1875,46.290001,44.12923,169805600,53
2018-05-08,46.247501,46.555,45.9175,46.512501,44.341343,113611200,54
2018-05-09,46.637501,46.849998,46.305,46.84,44.653557,92844800,55
2018-05-10,46.935001,47.592499,46.912498,47.509998,45.292282,111957200,56
2018-05-11,47.372501,47.514999,46.862499,47.147499,45.120022,104848800,57
2018-05-14,47.252499,47.3825,46.965,47.037498,45.014755,83115200,58
2018-05-15,46.695,46.767502,46.275002,46.610001,44.605633,94780800,59
2018-05-16,46.517502,47.115002,46.5,47.044998,45.021935,76732400,60
2018-05-17,47,47.227501,46.59,46.747501,44.737228,69176000,61
2018-05-18,46.797501,46.952499,46.532501,46.577499,44.574539,73190800,62
2018-05-21,47,47.317501,46.727501,46.907501,44.890343,73603200,63
2018-05-22,47.095001,47.220001,46.695,46.790001,44.777901,60962800,64
2018-05-23,46.587502,47.125,46.439999,47.09,45.064999,80233600,65
2018-05-24,47.192501,47.209999,46.552502,47.037498,45.014755,92936000,66
2018-05-25,47.057499,47.412498,46.912498,47.145,45.117638,69844000,67
2018-05-29,46.900002,47.1875,46.717499,46.974998,44.954933,90056400,68
2018-05-30,46.93,47,46.695,46.875,44.85923,74762000,69
2018-05-31,46.805,47.057499,46.535,46.717499,44.708515,109931200,70
2018-06-01,46.997501,47.564999,46.9375,47.560001,45.514786,93770000,71
2018-06-04,47.91,48.355,47.837502,47.9575,45.895184,105064800,72
2018-06-05,48.267502,48.485001,48.09,48.327499,46.249287,86264000,73
2018-06-06,48.407501,48.52,47.98,48.494999,46.40958,83734400,74
2018-06-07,48.535,48.549999,48.084999,48.365002,46.285164,85388800,75
2018-06-08,47.7925,48,47.442501,47.924999,45.864086,106627200,76
2018-06-11,47.837502,47.9925,47.552502,47.807499,45.751648,73234000,77
2018-06-12,47.8475,48.1525,47.787498,48.07,46.002853,67644400,78
2018-06-13,48.105,48.220001,47.610001,47.674999,45.624836,86553600,79
2018-06-14,47.887501,47.892502,47.555,47.700001,45.648766,86440400,80
2018-06-15,47.5075,47.540001,47.064999,47.209999,45.17984,246876800,81
2018-06-18,46.970001,47.305,46.799999,47.185001,45.155918,73939600,82
2018-06-19,46.285,46.5825,45.862499,46.422501,44.426205,134314000,83
2018-06-20,46.587502,46.799999,46.432499,46.625,44.619995,82514800,84
2018-06-21,46.8125,47.087502,46.235001,46.365002,44.37117,102847600,85
2018-06-22,46.529999,46.537498,46.174999,46.23,44.241974,108801600,86
2018-06-25,45.849998,46.23,45.182499,45.5425,43.584045,126652400,87
2018-06-26,45.747501,46.6325,45.634998,46.107498,44.124744,98276800,88
2018-06-27,46.307499,46.82,46.0075,46.040001,44.060154,101141200,89
2018-06-28,46.025002,46.552502,45.950001,46.375,44.380737,69460800,90
2018-06-29,46.572498,46.797501,45.727501,46.2775,44.287437,90950800,91
2018-07-02,45.955002,46.825001,45.855,46.794998,44.782677,70925200,92
2018-07-03,46.947498,46.987499,45.884998,45.98,44.002728,55819200,93
2018-07-05,46.314999,46.602501,46.07,46.349998,44.356819,66416800,94
2018-07-06,46.355,47.107498,46.299999,46.9925,44.971695,69940800,95
2018-07-09,47.375,47.669998,47.325001,47.645,45.59613,79026400,96
2018-07-10,47.677502,47.82,47.544998,47.587502,45.541107,63756400,97
2018-07-11,47.125,47.445,46.9025,46.970001,44.950161,75326000,98
2018-07-12,47.3825,47.852501,47.327499,47.7575,45.7038,72164400,99
2018-07-13,47.77,47.959999,47.724998,47.8325,45.775562,50055600,100
2018-07-16,47.880001,48.162498,47.605,47.727501,45.675076,60172400,101
2018-07-17,47.4375,47.967499,47.299999,47.862499,45.804276,62138000,102
2018-07-18,47.945,47.950001,47.482498,47.599998,45.553051,65573600,103
2018-07-19,47.422501,48.137501,47.422501,47.970001,45.907154,81147200,104
2018-07-20,47.945,48.107498,47.5425,47.860001,45.801884,82704800,105
2018-07-23,47.669998,47.990002,47.389999,47.9025,45.84256,63957600,106
2018-07-24,48.112499,48.415001,48.012501,48.25,46.175106,74791600,107
2018-07-25,48.264999,48.712502,48.107498,48.705002,46.61055,66839600,108
2018-07-26,48.6525,48.990002,48.4025,48.552502,46.464619,76304000,109
2018-07-27,48.747501,48.797501,47.525002,47.744999,45.691833,96096000,110
2018-07-30,47.974998,48.049999,47.267502,47.477501,45.435833,84118000,111
2018-07-31,47.575001,48.035,47.334999,47.572498,45.526745,157492000,112
2018-08-01,49.782501,50.439999,49.327499,50.375,48.208736,271742800,113
2018-08-02,50.145,52.095001,50.087502,51.8475,49.617908,249616000,114
2018-08-03,51.7575,52.185001,51.369999,51.997501,49.761467,133789600,115
2018-08-06,52,52.3125,51.767502,52.267502,50.019848,101701600,116
2018-08-07,52.330002,52.375,51.689999,51.7775,49.550922,102349600,117
2018-08-08,51.512501,51.952499,51.130001,51.8125,49.584415,90102000,118
2018-08-09,52.3825,52.445,51.799999,52.220001,49.974392,93970400,119
2018-08-10,51.84,52.275002,51.6675,51.8825,49.825542,98444800,120
2018-08-13,52.327499,52.737499,51.924999,52.217499,50.147259,103563600,121
2018-08-14,52.540001,52.639999,52.064999,52.4375,50.358543,82992000,122
2018-08-15,52.305,52.685001,52.0825,52.560001,50.476185,115230400,123
2018-08-16,52.9375,53.452499,52.8675,53.330002,51.215656,114001600,124
2018-08-17,53.360001,54.487499,53.290001,54.395,52.238434,141708000,125
2018-08-20,54.525002,54.794998,53.7775,53.865002,51.729439,121150800,126
2018-08-21,54.200001,54.297501,53.5075,53.759998,51.628605,104639200,127
2018-08-22,53.525002,54.09,53.459999,53.762501,51.631016,76072400,128
2018-08-23,53.662498,54.262501,53.650002,53.872501,51.736652,75532800,129
2018-08-24,54.150002,54.224998,53.7775,54.040001,51.897503,73905600,130
2018-08-27,54.287498,54.685001,54.0825,54.485001,52.32486,82100400,131
2018-08-28,54.752499,55.134998,54.73,54.924999,52.74741,91107200,132
2018-08-29,55.037498,55.872501,54.852501,55.744999,53.534901,109019200,133
2018-08-30,55.8125,57.064999,55.599998,56.2575,54.027084,195175200,134
2018-08-31,56.627499,57.217499,56.5,56.907501,54.651318,173360400,135
2018-09-04,57.102501,57.294998,56.657501,57.09,54.826572,109560400,136
2018-09-05,57.247501,57.4175,56.275002,56.717499,54.468845,133332000,137
2018-09-06,56.557499,56.837502,55.325001,55.775002,53.563721,137160000,138
2018-09-07,55.462502,56.342499,55.177502,55.325001,53.131557,150479200,139
2018-09-10,55.237499,55.462502,54.1175,54.5825,52.418491,158066000,140
2018-09-11,54.502499,56.075001,54.139999,55.962502,53.743774,142996000,141
2018-09-12,56.235001,56.25,54.959999,55.267502,53.07634,197114800,142
2018-09-13,55.880001,57.087502,55.642502,56.602501,54.358406,166825600,143
2018-09-14,56.4375,56.709999,55.630001,55.959999,53.741379,127997200,144
2018-09-17,55.537498,55.737499,54.317501,54.470001,52.310455,148780400,145
2018-09-18,54.447498,55.462502,54.279999,54.560001,52.396881,126286800,146
2018-09-19,54.625,54.904999,53.825001,54.592499,52.428089,108495200,147
2018-09-20,55.060001,55.57,54.787498,55.0075,52.826649,106435200,148
2018-09-21,55.195,55.34,54.322498,54.415001,52.257626,384986800,149
2018-09-24,54.205002,55.314999,54.157501,55.197498,53.009102,110773600,150
2018-09-25,54.9375,55.705002,54.924999,55.547501,53.345238,98217600,151
2018-09-26,55.25,55.9375,54.939999,55.105,52.920288,95938800,152
2018-09-27,55.955002,56.610001,55.884998,56.237499,54.007881,120724800,153
2018-09-28,56.197498,56.459999,56.005001,56.435001,54.197552,91717600,154
2018-10-01,56.987499,57.355,56.587502,56.814999,54.562481,94403200,155
2018-10-02,56.8125,57.5,56.657501,57.32,55.047462,99152800,156
2018-10-03,57.512501,58.3675,57.445,58.017502,55.717308,114619200,157
2018-10-04,57.695,58.087502,56.682499,56.997501,54.737759,128168000,158
2018-10-05,56.990002,57.102501,55.145,56.072498,53.849419,134322000,159
2018-10-08,55.552502,56.200001,55.049999,55.942501,53.724579,118655600,160
2018-10-09,55.91,56.817501,55.5625,56.717499,54.468845,107564000,161
2018-10-10,56.365002,56.587502,54.012501,54.09,51.945526,167962400,162
2018-10-11,53.630001,54.875,53.080002,53.612499,51.486958,212497600,163
2018-10-12,55.105,55.720001,54.209999,55.5275,53.326019,161351600,164
2018-10-15,55.290001,55.4575,54.317501,54.34,52.185608,123164000,165
2018-10-16,54.732498,55.747501,54.189999,55.537498,53.335632,116736000,166
2018-10-17,55.575001,55.66,54.834999,55.297501,53.105141,91541600,167
2018-10-18,54.465,54.935001,53.25,54.005001,51.863884,130325200,168
2018-10-19,54.514999,55.314999,54.357498,54.827499,52.653778,132314800,169
2018-10-22,54.947498,55.84,54.735001,55.162498,52.975494,115168400,170
2018-10-23,53.9575,55.8125,53.674999,55.682499,53.474888,155071200,171
2018-10-24,55.650002,56.057499,53.634998,53.772499,51.64061,163702000,172
2018-10-25,54.427502,55.345001,54.1875,54.950001,52.771427,119423200,173
2018-10-26,53.974998,55.047501,53.1675,54.075001,51.931118,189033600,174
2018-10-29,54.797501,54.922501,51.522499,53.060001,50.956356,183742000,175
2018-10-30,52.787498,53.794998,52.317501,53.325001,51.210846,146640000,176
2018-10-31,54.220001,55.112499,54.154999,54.715,52.545738,153435600,177
2018-11-01,54.762501,55.59,54.202499,55.555,53.35244,233292800,178
2018-11-02,52.387501,53.412498,51.357498,51.869999,49.813538,365314800,179
2018-11-05,51.075001,51.0975,49.5425,50.397499,48.39941,264654800,180
2018-11-06,50.48,51.18,50.422501,50.942501,48.922806,127531600,181
2018-11-07,51.4925,52.514999,51.032501,52.487499,50.406551,133697600,182
2018-11-08,52.494999,52.529999,51.6875,52.122501,50.230679,101450400,183
2018-11-09,51.387501,51.502499,50.5625,51.1175,49.262154,137463200,184
2018-11-12,49.75,49.962502,48.447498,48.5425,46.780621,204542000,185
2018-11-13,47.907501,49.294998,47.862499,48.057499,46.313217,187531600,186
2018-11-14,48.474998,48.619999,46.482498,46.700001,45.004993,243204000,187
2018-11-15,47.0975,47.9925,46.724998,47.852501,46.115662,185915200,188
2018-11-16,47.625,48.7425,47.365002,48.3825,46.626419,147713200,189
2018-11-19,47.5,47.674999,46.247501,46.465,44.778519,167701200,190
2018-11-20,44.592499,45.3675,43.877499,44.244999,42.639099,271300800,191
2018-11-21,44.932499,45.067501,44.137501,44.195,42.590919,124496800,192
2018-11-23,43.735001,44.150002,43.025002,43.072498,41.509159,94496000,193
2018-11-26,43.560001,43.737499,42.564999,43.654999,42.070511,179994000,194
2018-11-27,42.877499,43.692501,42.720001,43.560001,41.978962,165549600,195
2018-11-28,44.182499,45.322498,43.732498,45.235001,43.593163,184250000,196
2018-11-29,45.665001,45.700001,44.424999,44.887501,43.258274,167080000,197
2018-11-30,45.072498,45.0825,44.2575,44.645,43.024578,158126000,198
2018-12-03,46.115002,46.235001,45.302502,46.205002,44.527958,163210000,199
2018-12-04,45.237499,45.5975,44.067501,44.172501,42.569225,165377200,200
2018-12-06,42.939999,43.695,42.605,43.68,42.094604,172393600,201
2018-12-07,43.372501,43.622501,42.075001,42.122501,40.593639,169126400,202
2018-12-10,41.25,42.522499,40.8325,42.400002,40.861076,248104000,203
2018-12-11,42.915001,42.947498,41.75,42.157501,40.627365,189126800,204
2018-12-12,42.599998,42.98,42.255001,42.275002,40.740601,142510800,205
2018-12-13,42.622501,43.142502,42.387501,42.737499,41.186314,127594400,206
2018-12-14,42.25,42.27,41.32,41.369999,39.86845,162814800,207
2018-12-17,41.362499,42.087502,40.682499,40.985001,39.497425,177151600,208
2018-12-18,41.345001,41.8825,41.0975,41.517502,40.010601,135366000,209
2018-12-19,41.5,41.862499,39.772499,40.2225,38.762596,196189200,210
2018-12-20,40.099998,40.5275,38.825001,39.2075,37.784431,259092000,211
2018-12-21,39.215,39.540001,37.407501,37.682499,36.314785,382978400,212
2018-12-24,37.037498,37.887501,36.647499,36.7075,35.375175,148676800,213
2018-12-26,37.075001,39.307499,36.68,39.2925,37.866352,234330000,214
2018-12-27,38.959999,39.192501,37.517502,39.037498,37.620613,212468400,215
2018-12-28,39.375,39.630001,38.637501,39.057499,37.639885,169165600,216
2018-12-31,39.6325,39.84,39.119999,39.435001,38.003677,140014000,217
2019-01-02,38.7225,39.712502,38.557499,39.48,38.047043,148158800,218
2019-01-03,35.994999,36.43,35.5,35.547501,34.257286,365248800,219
2019-01-04,36.1325,37.137501,35.950001,37.064999,35.719696,234428400,220
2019-01-07,37.174999,37.2075,36.474998,36.982498,35.640198,219111200,221
2019-01-08,37.389999,37.955002,37.130001,37.6875,36.319611,164101200,222
2019-01-09,37.822498,38.6325,37.407501,38.327499,36.936375,180396400,223
2019-01-10,38.125,38.4925,37.715,38.450001,37.054432,143122800,224
2019-01-11,38.220001,38.424999,37.877499,38.072498,36.690632,108092800,225
2019-01-14,37.712502,37.817501,37.305,37.5,36.138912,129756800,226
2019-01-15,37.567501,38.3475,37.512501,38.267502,36.878551,114843600,227
2019-01-16,38.27,38.970001,38.25,38.735001,37.329086,122278800,228
2019-01-17,38.549999,39.415001,38.314999,38.965,37.550743,119284800,229
2019-01-18,39.375,39.470001,38.994999,39.205002,37.782032,135004000,230
2019-01-22,39.102501,39.182499,38.154999,38.325001,36.933971,121576000,231
2019-01-23,38.537498,38.785,37.924999,38.48,37.083336,92522400,232
2019-01-24,38.5275,38.619999,37.935001,38.174999,36.789413,101766000,233
2019-01-25,38.869999,39.532501,38.580002,39.439999,38.008495,134142000,234
2019-01-28,38.947498,39.0825,38.415001,39.075001,37.656754,104768400,235
2019-01-29,39.0625,39.532501,38.5275,38.669998,37.266445,166348800,236
2019-01-30,40.8125,41.537498,40.057499,41.3125,39.813034,244439200,237
2019-01-31,41.5275,42.25,41.139999,41.610001,40.099731,162958400,238
2019-02-01,41.740002,42.244999,41.482498,41.630001,40.119019,130672400,239
2019-02-04,41.852501,42.915001,41.82,42.8125,41.258587,125982000,240
2019-02-05,43.215,43.77,43.087502,43.544998,41.964504,144406400,241
2019-02-06,43.662498,43.892502,43.212502,43.560001,41.978962,112958400,242
2019-02-07,43.099998,43.485001,42.584999,42.735001,41.18391,126966800,243
2019-02-08,42.247501,42.665001,42.105,42.602501,41.232292,95280000,244
2019-02-11,42.762501,42.802502,42.3125,42.357498,40.995171,83973600,245
2019-02-12,42.525002,42.75,42.424999,42.7225,41.348438,89134000,246
2019-02-13,42.8475,43.119999,42.48,42.544998,41.176643,89960800,247
2019-02-14,42.427502,42.814999,42.345001,42.700001,41.326664,87342800,248
2019-02-15,42.8125,42.924999,42.4375,42.605,41.234718,98507200,249
2019-02-19,42.427502,42.860001,42.372501,42.732498,41.35812,75891200,250
2019-02-20,42.797501,43.330002,42.747501,43.0075,41.62426,104457600,251
2019-02-21,42.950001,43.092499,42.575001,42.764999,41.389572,68998800,252
2019-02-22,42.895,43.25,42.845001,43.2425,41.851707,75652800,253
2019-02-25,43.540001,43.967499,43.487499,43.557499,42.156578,87493600,254
2019-02-26,43.427502,43.825001,43.2925,43.5825,42.180767,68280800,255
2019-02-27,43.302502,43.75,43.182499,43.717499,42.311436,111341600,256
2019-02-28,43.580002,43.727501,43.23,43.287498,41.89526,112861600,257
2019-03-01,43.57,43.787498,43.2225,43.7425,42.335636,103544800,258
2019-03-04,43.922501,44.4375,43.4925,43.962502,42.548565,109744800,259
2019-03-05,43.985001,44,43.634998,43.8825,42.471123,78949600,260
2019-03-06,43.6675,43.872501,43.485001,43.630001,42.226749,83241600,261
2019-03-07,43.467499,43.610001,43.005001,43.125,41.737995,99185600,262
2019-03-08,42.580002,43.267502,42.375,43.227501,41.837193,95997600,263
2019-03-11,43.872501,44.779999,43.837502,44.724998,43.28653,128044000,264
2019-03-12,45,45.6675,44.842499,45.227501,43.772873,129870400,265
2019-03-13,45.5625,45.825001,45.23,45.427502,43.966434,124130000,266
2019-03-14,45.974998,46.025002,45.639999,45.932499,44.455193,94318000,267
2019-03-15,46.212502,46.8325,45.935001,46.529999,45.033478,156171600,268
2019-03-18,46.450001,47.0975,46.447498,47.005001,45.493202,104879200,269
2019-03-19,47.087502,47.247501,46.48,46.6325,45.132683,126585600,270
2019-03-20,46.557499,47.372501,46.182499,47.040001,45.527073,124140800,271
2019-03-21,47.505001,49.0825,47.452499,48.772499,47.203854,204136800,272
2019-03-22,48.834999,49.422501,47.695,47.762501,46.226337,169630800,273
2019-03-25,47.877499,47.994999,46.650002,47.185001,45.667408,175381200,274
2019-03-26,47.915001,48.220001,46.145,46.697498,45.195583,199202000,275
2019-03-27,47.1875,47.439999,46.637501,47.1175,45.602077,119393600,276
2019-03-28,47.237499,47.389999,46.8825,47.18,45.662567,83121600,277
2019-03-29,47.4575,47.52,47.134998,47.487499,45.960178,94256000,278
2019-04-01,47.91,47.919998,47.095001,47.810001,46.272308,111448000,279
2019-04-02,47.772499,48.615002,47.762501,48.505001,46.944962,91062800,280
2019-04-03,48.3125,49.125,48.287498,48.837502,47.266758,93087200,281
2019-04-04,48.697498,49.092499,48.285,48.922501,47.34903,76457200,282
2019-04-05,49.112499,49.275002,48.982498,49.25,47.666,74106400,283
2019-04-08,49.105,50.057499,49.084999,50.025002,48.416073,103526800,284
2019-04-09,50.080002,50.712502,49.807499,49.875,48.270897,143072800,285
2019-04-10,49.669998,50.185001,49.544998,50.154999,48.541885,86781200,286
2019-04-11,50.212502,50.25,49.610001,49.737499,48.137817,83603200,287
2019-04-12,49.799999,50.035,49.052502,49.717499,48.11845,111042800,288
2019-04-15,49.645,49.962502,49.502499,49.807499,48.205566,70146400,289
2019-04-16,49.865002,50.342499,49.639999,49.8125,48.210403,102785600,290
2019-04-17,49.884998,50.845001,49.6525,50.782501,49.149212,115627200,291
2019-04-18,50.779999,51.037498,50.630001,50.965,49.325836,96783200,292
2019-04-22,50.7075,51.235001,50.584999,51.1325,49.487953,77758000,293
2019-04-23,51.107498,51.9375,50.974998,51.869999,50.201725,93292000,294
2019-04-24,51.84,52.119999,51.762501,51.790001,50.124302,70162400,295
2019-04-25,51.7075,51.939999,51.279999,51.32,49.669415,74172800,296
2019-04-26,51.224998,51.25,50.529999,51.075001,49.432297,74596400,297
2019-04-29,51.099998,51.4925,50.965,51.1525,49.507298,88818800,298
2019-04-30,50.764999,50.849998,49.7775,50.1675,48.553986,186139600,299
2019-05-01,52.470001,53.827499,52.307499,52.630001,50.937286,259309200,300
2019-05-02,52.459999,53.162498,52.032501,52.287498,50.605797,127985200,301
2019-05-03,52.7225,52.959999,52.557499,52.9375,51.234894,83569600,302
2019-05-06,51.072498,52.209999,50.875,52.119999,50.443691,129772400,303
2019-05-07,51.470001,51.855,50.2075,50.715,49.083878,155054800,304
2019-05-08,50.474998,51.334999,50.4375,50.724998,49.093552,105358000,305
2019-05-09,50.099998,50.419998,49.165001,50.18,48.566082,139634400,306
2019-05-10,49.355,49.712502,48.192501,49.294998,47.893272,164834800,307
2019-05-13,46.927502,47.369999,45.712502,46.43,45.109741,229722400,308
2019-05-14,46.602501,47.424999,46.352501,47.165001,45.823849,146118800,309
2019-05-15,46.567501,47.9375,46.505001,47.73,46.37278,106178800,310
2019-05-16,47.477501,48.1175,47.209999,47.52,46.168747,132125600,311
2019-05-17,46.732498,47.724998,46.689999,47.25,45.906429,131516400,312
2019-05-20,45.880001,46.087502,45.07,45.772499,44.470943,154449200,313
2019-05-21,46.305,47,46.174999,46.650002,45.32349,113459200,314
2019-05-22,46.165001,46.427502,45.637501,45.695,44.395641,118994400,315
2019-05-23,44.950001,45.134998,44.452499,44.915001,43.637821,146118800,316
2019-05-24,45.049999,45.535,44.654999,44.7425,43.470234,94858800,317
2019-05-28,44.73,45.147499,44.477501,44.557499,43.290485,111792800,318
2019-05-29,44.105,44.837502,44,44.345001,43.084038,113924800,319
2019-05-30,44.487499,44.807499,44.1675,44.575001,43.307491,84873600,320
2019-05-31,44.057499,44.497501,43.747501,43.767502,42.522949,108174400,321
2019-06-03,43.900002,44.48,42.567501,43.325001,42.093033,161584400,322
2019-06-04,43.860001,44.9575,43.630001,44.91,43.632965,123872000,323
2019-06-05,46.07,46.247501,45.285,45.634998,44.337349,119093600,324
2019-06-06,45.77,46.3675,45.537498,46.305,44.988304,90105200,325
2019-06-07,46.627499,47.98,46.442501,47.537498,46.185749,122737600,326
2019-06-10,47.952499,48.842499,47.904999,48.145,46.775974,104883600,327
2019-06-11,48.715,49,48.400002,48.702499,47.317619,107731600,328
2019-06-12,48.487499,48.9925,48.3475,48.547501,47.167027,73012800,329
2019-06-13,48.674999,49.197498,48.400002,48.537498,47.157318,86698400,330
2019-06-14,47.887501,48.397499,47.575001,48.185001,46.814838,75046000,331
2019-06-17,48.224998,48.740002,48.0425,48.4725,47.094162,58676400,332
2019-06-18,49.012501,50.072498,48.802502,49.612499,48.201752,106204000,333
2019-06-19,49.919998,49.970001,49.327499,49.467499,48.060863,84496800,334
2019-06-20,50.092499,50.1525,49.5075,49.865002,48.447075,86056000,335
2019-06-21,49.700001,50.212502,49.537498,49.695,48.281902,191202400,336
2019-06-24,49.634998,50.040001,49.5425,49.645,48.233326,72881600,337
2019-06-25,49.607498,49.814999,48.822498,48.892502,47.50222,84281200,338
2019-06-26,49.442501,50.247501,49.337502,49.950001,48.529652,104270000,339
2019-06-27,50.072498,50.392502,49.892502,49.935001,48.515076,83598800,340
2019-06-28,49.669998,49.875,49.262501,49.48,48.073021,124442400,341
2019-07-01,50.7925,51.122501,50.162498,50.387501,48.954716,109012000,342
2019-07-02,50.352501,50.782501,50.34,50.682499,49.241322,67740800,343
2019-07-03,50.82,51.110001,50.672501,51.102501,49.649384,45448000,344
2019-07-05,50.837502,51.27,50.724998,51.057499,49.605652,69062000,345
2019-07-08,50.202499,50.349998,49.602501,50.005001,48.58308,101354400,346
2019-07-09,49.799999,50.377499,49.702499,50.310001,48.879417,82312000,347
2019-07-10,50.462502,50.932499,50.389999,50.807499,49.362766,71588400,348
2019-07-11,50.827499,51.0975,50.427502,50.4375,49.003292,80767200,349
2019-07-12,50.612499,51,50.549999,50.825001,49.37978,70380800,350
2019-07-15,51.022499,51.467499,51,51.302502,49.843697,67789600,351
2019-07-16,51.147499,51.5275,50.875,51.125,49.671242,67467200,352
2019-07-17,51.012501,51.272499,50.817501,50.837502,49.391914,56430000,353
2019-07-18,51,51.470001,50.924999,51.415001,49.952988,74162400,354
2019-07-19,51.447498,51.625,50.59,50.647499,49.207317,83717200,355
2019-07-22,50.912498,51.807499,50.9025,51.805,50.331902,89111600,356
2019-07-23,52.115002,52.227501,51.822498,52.209999,50.725388,73420800,357
2019-07-24,51.9175,52.287498,51.7925,52.1675,50.684093,59966400,358
2019-07-25,52.2225,52.310001,51.682499,51.755001,50.283321,55638400,359
2019-07-26,51.869999,52.432499,51.785,51.935001,50.458206,70475600,360
2019-07-29,52.115002,52.66,52.110001,52.419998,50.92942,86693600,361
2019-07-30,52.189999,52.540001,51.827499,52.195,50.710812,135742800,362
2019-07-31,54.105,55.342499,52.825001,53.259998,51.745525,277125600,363
2019-08-01,53.474998,54.5075,51.685001,52.107498,50.625797,216071600,364
2019-08-02,51.3825,51.607498,50.407501,51.005001,49.554653,163448400,365
2019-08-05,49.497501,49.662498,48.145,48.334999,46.960575,209572000,366
2019-08-06,49.077499,49.517502,48.509998,49.25,47.84956,143299200,367
2019-08-07,48.852501,49.889999,48.455002,49.759998,48.345062,133457600,368
2019-08-08,50.049999,50.8825,49.8475,50.857498,49.411343,108038000,369
2019-08-09,50.325001,50.689999,49.822498,50.247501,49.004169,98478800,370
2019-08-12,49.904999,50.512501,49.787498,50.119999,48.879837,89927600,371
2019-08-13,50.255001,53.035,50.119999,52.2425,50.94981,188874000,372
2019-08-14,50.790001,51.610001,50.647499,50.6875,49.433289,146189600,373
2019-08-15,50.865002,51.285,49.9175,50.435001,49.187042,108909600,374
2019-08-16,51.07,51.790001,50.959999,51.625,50.347588,110481600,375
2019-08-19,52.654999,53.182499,52.5075,52.587502,51.286282,97654400,376
2019-08-20,52.720001,53.337502,52.580002,52.59,51.288715,107537200,377
2019-08-21,53.247501,53.412498,52.900002,53.16,51.844612,86141600,378
2019-08-22,53.297501,53.610001,52.6875,53.115002,51.800732,89014800,379
2019-08-23,52.357498,53.012501,50.25,50.66,49.406467,187272000,380
2019-08-26,51.465,51.797501,51.264999,51.622501,50.34515,104174400,381
2019-08-27,51.965,52.137501,50.8825,51.040001,49.777065,103493200,382
2019-08-28,51.025002,51.43,50.830002,51.3825,50.111092,63755200,383
2019-08-29,52.125,52.330002,51.665001,52.252499,50.959568,83962000,384
2019-08-30,52.540001,52.612499,51.799999,52.185001,50.893734,84573600,385
2019-09-03,51.607498,51.744999,51.055,51.424999,50.152542,80092000,386
2019-09-04,52.0975,52.369999,51.830002,52.297501,51.003448,76752400,387
2019-09-05,53,53.4925,52.877499,53.32,52.000648,95654800,388
2019-09-06,53.512501,53.605,53.127499,53.314999,51.995777,77449200,389
2019-09-09,53.709999,54.110001,52.767502,53.5425,52.217644,109237600,390
2019-09-10,53.465,54.195,52.927502,54.174999,52.834496,127111600,391
2019-09-11,54.517502,55.927502,54.432499,55.897499,54.514378,177158400,392
2019-09-12,56.200001,56.605,55.715,55.772499,54.392467,128906800,393
2019-09-13,55,55.197498,54.255001,54.6875,53.334316,159053200,394
2019-09-16,54.432499,55.032501,54.389999,54.974998,53.614697,84632400,395
2019-09-17,54.990002,55.205002,54.779999,55.174999,53.809753,73274800,396
2019-09-18,55.264999,55.712502,54.860001,55.692501,54.314445,101360000,397
2019-09-19,55.502499,55.939999,55.092499,55.240002,53.873142,88242400,398
2019-09-20,55.345001,55.639999,54.3675,54.432499,53.085625,221652400,399
2019-09-23,54.737499,54.959999,54.412498,54.68,53.327,76662000,400
2019-09-24,55.2575,55.622501,54.297501,54.419998,53.073429,124763200,401
2019-09-25,54.637501,55.375,54.285,55.2575,53.890209,87613600,402
2019-09-26,55,55.235001,54.7075,54.9725,53.612263,75334000,403
2019-09-27,55.134998,55.240002,54.32,54.705002,53.351383,101408000,404
2019-09-30,55.224998,56.145,55.197498,55.9925,54.607018,103909600,405
2019-10-01,56.267502,57.055,56.049999,56.147499,54.758186,139223200,406
2019-10-02,55.764999,55.895,54.482498,54.740002,53.385506,138449200,407
2019-10-03,54.607498,55.240002,53.782501,55.205002,53.839016,114426000,408
2019-10-04,56.41,56.872501,55.9725,56.752499,55.348221,138478800,409
2019-10-07,56.567501,57.482498,56.459999,56.764999,55.360401,122306000,410
2019-10-08,56.455002,57.014999,56.0825,56.099998,54.711864,111820000,411
2019-10-09,56.7575,56.947498,56.41,56.7575,55.353096,74770400,412
2019-10-10,56.982498,57.610001,56.825001,57.522499,56.099163,113013600,413
2019-10-11,58.237499,59.41,58.077499,59.052502,57.591309,166795600,414
2019-10-14,58.724998,59.532501,58.6675,58.967499,57.508404,96427600,415
2019-10-15,59.0975,59.412498,58.720001,58.830002,57.374321,87360000,416
2019-10-16,58.342499,58.810001,58.299999,58.592499,57.142689,73903200,417
2019-10-17,58.772499,59.037498,58.380001,58.82,57.364563,67585200,418
2019-10-18,58.647499,59.395,58.572498,59.102501,57.640076,97433600,419
2019-10-21,59.380001,60.247501,59.330002,60.127499,58.639702,87247200,420
2019-10-22,60.290001,60.549999,59.904999,59.990002,58.505604,82293600,421
2019-10-23,60.525002,60.810001,60.305,60.794998,59.290691,75828800,422
2019-10-24,61.127499,61.200001,60.452499,60.895,59.388218,69275200,423
2019-10-25,60.790001,61.682499,60.720001,61.645,60.119656,73477200,424
2019-10-28,61.855,62.3125,61.68,62.262501,60.721878,96572800,425
2019-10-29,62.2425,62.4375,60.642502,60.822498,59.317505,142839600,426
2019-10-30,61.189999,61.325001,60.302502,60.814999,59.310188,124522000,427
2019-10-31,61.810001,62.2925,59.314999,62.189999,60.651169,139162000,428
2019-11-01,62.384998,63.982498,62.290001,63.955002,62.372501,151125200,429
2019-11-04,64.332497,64.462502,63.845001,64.375,62.782101,103272000,430
2019-11-05,64.262497,64.547501,64.080002,64.282501,62.691895,79897600,431
2019-11-06,64.192497,64.372498,63.842499,64.309998,62.718716,75864400,432
2019-11-07,64.684998,65.087502,64.527496,64.857498,63.442562,94940400,433
2019-11-08,64.672501,65.110001,64.212502,65.035004,63.616196,69986400,434
2019-11-11,64.574997,65.6175,64.57,65.550003,64.119965,81821200,435
2019-11-12,65.387497,65.697502,65.230003,65.489998,64.061279,87388800,436
2019-11-13,65.282501,66.195,65.267502,66.1175,64.675072,102734400,437
2019-11-14,65.9375,66.220001,65.525002,65.660004,64.227562,89182800,438
2019-11-15,65.919998,66.445,65.752502,66.440002,64.990555,100206400,439
2019-11-18,66.449997,66.857498,66.057503,66.775002,65.318245,86703200,440
2019-11-19,66.974998,67,66.347504,66.572502,65.120155,76167200,441
2019-11-20,66.385002,66.519997,65.099998,65.797501,64.362061,106234400,442
2019-11-21,65.922501,66.002502,65.294998,65.502502,64.073479,121395200,443
2019-11-22,65.647499,65.794998,65.209999,65.445,64.01725,65325200,444
2019-11-25,65.677498,66.610001,65.629997,66.592499,65.139709,84020400,445
2019-11-26,66.735001,66.790001,65.625,66.072502,64.631065,105207600,446
2019-11-27,66.394997,66.995003,66.327499,66.959999,65.499199,65235600,447
2019-11-29,66.650002,67,66.474998,66.8125,65.354912,46617600,448
2019-12-02,66.817497,67.0625,65.862503,66.040001,64.599274,94487200,449
2019-12-03,64.577499,64.8825,64.072502,64.862503,63.447464,114430400,450
2019-12-04,65.267502,65.827499,65.169998,65.434998,64.007477,67181600,451
2019-12-05,65.947502,66.472504,65.682503,66.394997,64.946526,74424400,452
2019-12-06,66.870003,67.75,66.824997,67.677498,66.201035,106075600,453
2019-12-09,67.5,67.699997,66.227501,66.730003,65.274216,128042400,454
2019-12-10,67.150002,67.517502,66.464996,67.120003,65.655708,90420400,455
2019-12-11,67.202499,67.775002,67.125,67.692497,66.215714,78756800,456
2019-12-12,66.945,68.139999,66.830002,67.864998,66.384453,137310400,457
2019-12-13,67.864998,68.824997,67.732498,68.787498,67.286819,133587600,458
2019-12-16,69.25,70.197502,69.245003,69.964996,68.438629,128186000,459
2019-12-17,69.892502,70.442497,69.699997,70.102501,68.573143,114158400,460
2019-12-18,69.949997,70.474998,69.779999,69.934998,68.409294,116028400,461
2019-12-19,69.875,70.294998,69.737503,70.004997,68.47776,98369200,462
2019-12-20,70.557503,70.662498,69.639999,69.860001,68.335945,275978000,463
2019-12-23,70.1325,71.0625,70.092499,71,69.451065,98572000,464
2019-12-24,71.172501,71.222504,70.730003,71.067497,69.517082,48478800,465
2019-12-26,71.205002,72.495003,71.175003,72.477501,70.896332,93121200,466
2019-12-27,72.779999,73.4925,72.029999,72.449997,70.869423,146266000,467
2019-12-30,72.364998,73.172501,71.305,72.879997,71.290047,144114400,468
2019-12-31,72.482498,73.419998,72.379997,73.412498,71.810936,100805600,469
2020-01-02,74.059998,75.150002,73.797501,75.087502,73.449387,135480400,470
2020-01-03,74.287498,75.144997,74.125,74.357498,72.735321,146322800,471
2020-01-06,73.447502,74.989998,73.1875,74.949997,73.314888,118387200,472
2020-01-07,74.959999,75.224998,74.370003,74.597504,72.970085,108872000,473
2020-01-08,74.290001,76.110001,74.290001,75.797501,74.143906,132079200,474
2020-01-09,76.809998,77.607498,76.550003,77.407501,75.718796,170108400,475
2020-01-10,77.650002,78.167503,77.0625,77.582497,75.889969,140644800,476
2020-01-13,77.910004,79.267502,77.787498,79.239998,77.511299,121532000,477
2020-01-14,79.175003,79.392502,78.042503,78.169998,76.464661,161954400,478
2020-01-15,77.962502,78.875,77.387497,77.834999,76.13694,121923600,479
2020-01-16,78.397499,78.925003,78.022499,78.809998,77.090675,108829200,480
2020-01-17,79.067497,79.684998,78.75,79.682503,77.944138,137816400,481
2020-01-21,79.297501,79.754997,79,79.142502,77.415932,110843200,482
2020-01-22,79.644997,79.997498,79.327499,79.425003,77.692268,101832400,483
2020-01-23,79.480003,79.889999,78.912498,79.807503,78.066414,104472000,484
2020-01-24,80.0625,80.832497,79.379997,79.577499,77.841446,146537600,485
2020-01-27,77.514999,77.942497,76.220001,77.237503,75.552483,161940000,486
2020-01-28,78.150002,79.599998,78.047501,79.422501,77.689819,162234000,487
2020-01-29,81.112503,81.962502,80.345001,81.084999,79.316048,216229200,488
2020-01-30,80.135002,81.022499,79.6875,80.967499,79.201118,126743200,489
2020-01-31,80.232498,80.669998,77.072502,77.377502,75.689438,199588400,490
2020-02-03,76.074997,78.372498,75.555,77.165001,75.481567,173788400,491
2020-02-04,78.827499,79.910004,78.407501,79.712502,77.973488,136616400,492
2020-02-05,80.879997,81.190002,79.737503,80.362503,78.609314,118826800,493
2020-02-06,80.642502,81.305,80.065002,81.302498,79.528793,105425600,494
2020-02-07,80.592499,80.849998,79.5,80.0075,78.447792,117684000,495
2020-02-10,78.544998,80.387497,78.462502,80.387497,78.820366,109348800,496
2020-02-11,80.900002,80.974998,79.677498,79.902496,78.344841,94323200,497
2020-02-12,80.3675,81.805,80.3675,81.800003,80.205345,113730400,498
2020-02-13,81.047501,81.555,80.837502,81.217499,79.634216,94747600,499
2020-02-14,81.184998,81.495003,80.712502,81.237503,79.653824,80113600,500
2020-02-18,78.839996,79.9375,78.652496,79.75,78.195313,152531200,501
2020-02-19,80,81.142502,80,80.904999,79.327812,93984000,502
2020-02-20,80.657501,81.162498,79.552498,80.074997,78.513985,100566000,503
2020-02-21,79.654999,80.112503,77.625,78.262497,76.736801,129554000,504
2020-02-24,74.315002,76.044998,72.307503,74.544998,73.091782,222195200,505
2020-02-25,75.237503,75.6325,71.532501,72.019997,70.615997,230673600,506
2020-02-26,71.6325,74.470001,71.625,73.162498,71.736252,198054800,507
2020-02-27,70.275002,71.5,68.239998,68.379997,67.046967,320605600,508
2020-02-28,64.315002,69.602501,64.092499,68.339996,67.007744,426510000,509
2020-03-02,70.57,75.360001,69.43,74.702499,73.246223,341397200,510
2020-03-03,75.917503,76,71.449997,72.330002,70.919983,319475600,511
2020-03-04,74.110001,75.849998,73.282501,75.684998,74.209564,219178400,512
2020-03-05,73.879997,74.887497,72.852501,73.230003,71.802422,187572800,513
2020-03-06,70.5,72.705002,70.307503,72.2575,70.848885,226176800,514
2020-03-09,65.9375,69.522499,65.75,66.542503,65.245285,286744800,515
2020-03-10,69.285004,71.610001,67.342499,71.334999,69.944374,285290000,516
2020-03-11,69.347504,70.305,67.964996,68.857498,67.515167,255598800,517
2020-03-12,63.985001,67.5,62,62.057499,60.847721,418474000,518
2020-03-13,66.222504,69.980003,63.237499,69.4925,68.137772,370732000,519
2020-03-16,60.487499,64.769997,60,60.552502,59.372059,322423600,520
2020-03-17,61.877499,64.402496,59.599998,63.215,61.982658,324056000,521
2020-03-18,59.942501,62.5,59.279999,61.6675,60.465324,300233600,522
2020-03-19,61.8475,63.209999,60.6525,61.195,60.002033,271857200,523
2020-03-20,61.794998,62.9575,57,57.310001,56.192776,401693200,524
2020-03-23,57.02,57.125,53.1525,56.092499,54.999004,336752800,525
2020-03-24,59.09,61.922501,58.575001,61.720001,60.516804,287531200,526
2020-03-25,62.6875,64.5625,61.075001,61.380001,60.183422,303602000,527
2020-03-26,61.630001,64.669998,61.59,64.610001,63.350468,252087200,528
2020-03-27,63.1875,63.967499,61.762501,61.935001,60.727612,204216800,529
2020-03-30,62.685001,63.880001,62.349998,63.702499,62.460648,167976400,530
2020-03-31,63.900002,65.622498,63,63.572498,62.333187,197002000,531
2020-04-01,61.625,62.18,59.782501,60.227501,59.053402,176218400,532
2020-04-02,60.084999,61.287498,59.224998,61.232498,60.038803,165934000,533
2020-04-03,60.700001,61.424999,59.7425,60.352501,59.175964,129880000,534
2020-04-06,62.724998,65.777496,62.345001,65.6175,64.338326,201820400,535
2020-04-07,67.699997,67.925003,64.75,64.857498,63.593132,202887200,536
2020-04-08,65.684998,66.842499,65.307503,66.517502,65.220772,168895200,537
2020-04-09,67.175003,67.517502,66.175003,66.997498,65.691414,161834800,538
2020-04-13,67.077499,68.425003,66.457497,68.3125,66.980789,131022800,539
2020-04-14,70,72.0625,69.512497,71.762497,70.363518,194994800,540
2020-04-15,70.599998,71.582497,70.157501,71.107498,69.721298,131154400,541
2020-04-16,71.845001,72.050003,70.587502,71.672501,70.275284,157125200,542
2020-04-17,71.172501,71.737503,69.214996,70.699997,69.321739,215250000,543
2020-04-20,69.487503,70.419998,69.212502,69.232498,67.882843,130015200,544
2020-04-21,69.07,69.3125,66.357498,67.092499,65.784561,180991600,545
2020-04-22,68.402496,69.474998,68.050003,69.025002,67.679405,116862400,546
2020-04-23,68.967499,70.4375,68.717499,68.7575,67.417114,124814400,547
2020-04-24,69.300003,70.752502,69.25,70.7425,69.363411,126161200,548
2020-04-27,70.449997,71.135002,69.987503,70.792503,69.41243,117087600,549
2020-04-28,71.269997,71.457497,69.550003,69.644997,68.287323,112004800,550
2020-04-29,71.182503,72.417503,70.972504,71.932503,70.530212,137280800,551
2020-04-30,72.489998,73.6325,72.087502,73.449997,72.018127,183064000,552
2020-05-01,71.5625,74.75,71.462502,72.267502,70.858681,240616800,553
2020-05-04,72.292503,73.422501,71.580002,73.290001,71.861252,133568000,554
2020-05-05,73.764999,75.25,73.614998,74.389999,72.939796,147751200,555
2020-05-06,75.114998,75.809998,74.717499,75.157501,73.692352,142333600,556
2020-05-07,75.805,76.292503,75.4925,75.934998,74.454681,115215200,557
2020-05-08,76.410004,77.587502,76.072502,77.532501,76.22683,133838400,558
2020-05-11,77.025002,79.262497,76.809998,78.752502,77.426285,145946400,559
2020-05-12,79.457497,79.922501,77.727501,77.852501,76.541443,162301200,560
2020-05-13,78.037498,78.987503,75.802498,76.912498,75.617271,200622400,561
2020-05-14,76.127502,77.447502,75.3825,77.385002,76.081818,158929200,562
2020-05-15,75.087502,76.974998,75.052498,76.927498,75.632011,166348400,563
2020-05-18,78.292503,79.125,77.580002,78.739998,77.413986,135178400,564
2020-05-19,78.7575,79.629997,78.252502,78.285004,76.966667,101729600,565
2020-05-20,79.169998,79.879997,79.129997,79.807503,78.463524,111504800,566
2020-05-21,79.665001,80.222504,78.967499,79.212502,77.87854,102688800,567
2020-05-22,78.942497,79.807503,78.837502,79.722504,78.379951,81803200,568
2020-05-26,80.875,81.059998,79.125,79.182503,77.849045,125522000,569
2020-05-27,79.035004,79.677498,78.272499,79.527496,78.188232,112945200,570
2020-05-28,79.192497,80.860001,78.907501,79.5625,78.222641,133560800,571
2020-05-29,79.8125,80.287498,79.1175,79.485001,78.146439,153532400,572
2020-06-01,79.4375,80.587502,79.302498,80.462502,79.107491,80791200,573
2020-06-02,80.1875,80.860001,79.732498,80.834999,79.473701,87642800,574
2020-06-03,81.165001,81.550003,80.574997,81.279999,79.911224,104491200,575
2020-06-04,81.097504,81.404999,80.195,80.580002,79.223015,87560400,576
2020-06-05,80.837502,82.9375,80.807503,82.875,81.479355,137250400,577
2020-06-08,82.5625,83.400002,81.830002,83.364998,81.961105,95654400,578
2020-06-09,83.035004,86.402496,83.002502,85.997498,84.549271,147712400,579
2020-06-10,86.974998,88.692497,86.522499,88.209999,86.724518,166651600,580
2020-06-11,87.327499,87.764999,83.870003,83.974998,82.560837,201662400,581
2020-06-12,86.18,86.949997,83.555,84.699997,83.273621,200146000,582
2020-06-15,83.3125,86.419998,83.144997,85.747498,84.303474,138808800,583
2020-06-16,87.864998,88.300003,86.18,88.019997,86.537727,165428800,584
2020-06-17,88.787498,88.849998,87.772499,87.897499,86.417282,114406400,585
2020-06-18,87.852501,88.362503,87.305,87.932503,86.451691,96820400,586
2020-06-19,88.660004,89.139999,86.287498,87.43,85.957642,264476000,587
2020-06-22,87.834999,89.864998,87.787498,89.717499,88.206635,135445200,588
2020-06-23,91,93.095001,90.567497,91.6325,90.089386,212155600,589
2020-06-24,91.25,92.197502,89.629997,90.014999,88.499123,192623200,590
2020-06-25,90.175003,91.25,89.392502,91.209999,89.673988,137522400,591
2020-06-26,91.102501,91.330002,88.254997,88.407501,86.918686,205256800,592
2020-06-29,88.3125,90.542503,87.82,90.445,88.921883,130646000,593
2020-06-30,90.019997,91.495003,90,91.199997,89.664162,140223200,594
2020-07-01,91.279999,91.839996,90.977501,91.027496,89.494553,110737200,595
2020-07-02,91.962502,92.6175,90.910004,91.027496,89.494553,114041600,596
2020-07-06,92.5,93.945,92.467499,93.462502,91.888565,118655600,597
2020-07-07,93.852501,94.654999,93.057503,93.172501,91.603455,112424400,598
2020-07-08,94.18,95.375,94.089996,95.342499,93.7369,117092000,599
2020-07-09,96.262497,96.317497,94.672501,95.752502,94.139999,125642800,600
2020-07-10,95.334999,95.980003,94.705002,95.919998,94.30468,90257200,601
2020-07-13,97.264999,99.955002,95.2575,95.477501,93.869637,191649200,602
2020-07-14,94.839996,97.254997,93.877502,97.057503,95.423027,170989200,603
2020-07-15,98.989998,99.247498,96.489998,97.724998,96.079292,153198000,604
2020-07-16,96.5625,97.404999,95.904999,96.522499,94.897041,110577600,605
2020-07-17,96.987503,97.147499,95.839996,96.327499,94.705315,92186800,606
2020-07-20,96.417503,98.5,96.0625,98.357498,96.701126,90318000,607
2020-07-21,99.172501,99.25,96.7425,97,95.366493,103433200,608
2020-07-22,96.692497,97.974998,96.602501,97.272499,95.634407,89001600,609
2020-07-23,96.997498,97.077499,92.010002,92.845001,91.281464,197004400,610
2020-07-24,90.987503,92.970001,89.144997,92.614998,91.055336,185438800,611
2020-07-27,93.709999,94.904999,93.480003,94.809998,93.213371,121214000,612
2020-07-28,94.3675,94.550003,93.247498,93.252502,91.682091,103625600,613
2020-07-29,93.75,95.230003,93.712502,95.040001,93.439507,90329200,614
2020-07-30,94.1875,96.297501,93.767502,96.190002,94.570145,158130000,615
2020-07-31,102.885002,106.415001,100.824997,106.260002,104.470551,374336800,616
2020-08-03,108.199997,111.637497,107.892502,108.9375,107.102951,308151200,617
2020-08-04,109.1325,110.790001,108.387497,109.665001,107.818214,173071600,618
2020-08-05,109.377502,110.392502,108.897499,110.0625,108.209023,121776800,619
2020-08-06,110.404999,114.412498,109.797501,113.902496,111.984352,202428800,620
2020-08-07,113.205002,113.675003,110.292503,111.112503,109.438301,198045600,621
2020-08-10,112.599998,113.775002,110,112.727501,111.028961,212403600,622
2020-08-11,111.970001,112.482498,109.107498,109.375,107.726967,187902400,623
2020-08-12,110.497498,113.275002,110.297501,113.010002,111.307198,165598000,624
2020-08-13,114.43,116.042503,113.927498,115.010002,113.277069,210082000,625
2020-08-14,114.830002,115,113.044998,114.907501,113.176125,165565200,626
2020-08-17,116.0625,116.087502,113.962502,114.607498,112.880646,119561600,627
2020-08-18,114.352501,116,114.0075,115.5625,113.821236,105633600,628
2020-08-19,115.982498,117.162498,115.610001,115.707497,113.964058,145538000,629
2020-08-20,115.75,118.392502,115.732498,118.275002,116.492882,126907200,630
2020-08-21,119.262497,124.8675,119.25,124.370003,122.496033,338054800,631
2020-08-24,128.697495,128.785004,123.9375,125.857498,123.961128,345937600,632
2020-08-25,124.697502,125.18,123.052498,124.824997,122.944183,211495600,633
2020-08-26,126.18,126.9925,125.082497,126.522499,124.616112,163022400,634
2020-08-27,127.142502,127.485001,123.832497,125.010002,123.126404,155552400,635
2020-08-28,126.012497,126.442497,124.577499,124.807503,122.926949,187630000,636
2020-08-31,127.580002,131,126,129.039993,127.09565,225702700,637
2020-09-01,132.759995,134.800003,130.529999,134.179993,132.158234,151948100,638
2020-09-02,137.589996,137.979996,127,131.399994,129.420105,200119000,639
2020-09-03,126.910004,128.839996,120.5,120.879997,119.058624,257599600,640
2020-09-04,120.07,123.699997,110.889999,120.959999,119.137421,332607200,641
2020-09-08,113.949997,118.989998,112.68,112.82,111.120071,231366600,642
2020-09-09,117.260002,119.139999,115.260002,117.32,115.552261,176940500,643
2020-09-10,120.360001,120.5,112.5,113.489998,111.779961,182274400,644
2020-09-11,114.57,115.230003,110,112,110.312416,180860300,645
2020-09-14,114.720001,115.93,112.800003,115.360001,113.621803,140150100,646
2020-09-15,118.330002,118.830002,113.610001,115.540001,113.799088,184642000,647
2020-09-16,115.230003,116,112.040001,112.129997,110.44046,154679000,648
2020-09-17,109.720001,112.199997,108.709999,110.339996,108.677429,178011000,649
2020-09-18,110.400002,110.879997,106.089996,106.839996,105.230171,287104900,650
2020-09-21,104.540001,110.190002,103.099998,110.080002,108.421356,195713800,651
2020-09-22,112.68,112.860001,109.160004,111.809998,110.125282,183055400,652
2020-09-23,111.620003,112.110001,106.769997,107.120003,105.505951,150718700,653
2020-09-24,105.169998,110.25,105,108.220001,106.589386,167743300,654
2020-09-25,108.43,112.440002,107.669998,112.279999,110.588196,149981400,655
2020-09-28,115.010002,115.32,112.779999,114.959999,113.227821,137672400,656
2020-09-29,114.550003,115.309998,113.57,114.089996,112.370934,99382200,657
2020-09-30,113.790001,117.260002,113.620003,115.809998,114.06501,142675200,658
2020-10-01,117.639999,117.720001,115.830002,116.790001,115.030258,116120400,659
2020-10-02,112.889999,115.370003,112.220001,113.019997,111.317047,144712000,660
2020-10-05,113.910004,116.650002,113.550003,116.5,114.744621,106243800,661
2020-10-06,115.699997,116.120003,112.25,113.160004,111.454948,161498200,662
2020-10-07,114.620003,115.550003,114.129997,115.080002,113.346008,96849000,663
2020-10-08,116.25,116.400002,114.589996,114.970001,113.237671,83477200,664
2020-10-09,115.279999,117,114.919998,116.970001,115.20755,100506900,665
2020-10-12,120.059998,125.18,119.279999,124.400002,122.525581,240226800,666
2020-10-13,125.269997,125.389999,119.650002,121.099998,119.275307,262330500,667
2020-10-14,121,123.029999,119.620003,121.190002,119.36396,150712000,668
2020-10-15,118.720001,121.199997,118.150002,120.709999,118.89119,112559200,669
2020-10-16,121.279999,121.550003,118.809998,119.019997,117.226646,115393800,670
2020-10-19,119.959999,120.419998,115.660004,115.980003,114.23246,120639300,671
2020-10-20,116.199997,118.980003,115.629997,117.510002,115.739418,124423700,672
2020-10-21,116.669998,118.709999,116.449997,116.870003,115.109039,89946000,673
2020-10-22,117.449997,118.040001,114.589996,115.75,114.00592,101988000,674
2020-10-23,116.389999,116.550003,114.279999,115.040001,113.30661,82572600,675
2020-10-26,114.010002,116.550003,112.879997,115.050003,113.316475,111850700,676
2020-10-27,115.489998,117.279999,114.540001,116.599998,114.843102,92276800,677
2020-10-28,115.050003,115.43,111.099998,111.199997,109.524475,143937800,678
2020-10-29,112.370003,116.93,112.199997,115.32,113.582405,146129200,679
2020-10-30,111.059998,111.989998,107.720001,108.860001,107.219749,190272600,680
2020-11-02,109.110001,110.68,107.32,108.769997,107.131096,122866900,681
2020-11-03,109.660004,111.489998,108.730003,110.440002,108.775932,107624400,682
2020-11-04,114.139999,115.589996,112.349998,114.949997,113.217972,138235500,683
2020-11-05,117.949997,119.620003,116.870003,119.029999,117.236496,126387100,684
2020-11-06,118.32,119.199997,116.129997,118.690002,117.10331,114457900,685
2020-11-09,120.5,121.989998,116.050003,116.32,114.764999,154515300,686
2020-11-10,115.550003,117.589996,114.129997,115.970001,114.419655,138023400,687
2020-11-11,117.190002,119.629997,116.440002,119.489998,117.892601,112295000,688
2020-11-12,119.620003,120.529999,118.57,119.209999,117.616364,103162300,689
2020-11-13,119.440002,119.669998,117.870003,119.260002,117.665688,81581900,690
2020-11-16,118.919998,120.989998,118.150002,120.300003,118.691795,91183000,691
2020-11-17,119.550003,120.669998,118.959999,119.389999,117.793953,74271000,692
2020-11-18,118.610001,119.82,118,118.029999,116.452133,76322100,693
2020-11-19,117.589996,119.059998,116.809998,118.639999,117.053978,74113000,694
2020-11-20,118.639999,118.769997,117.290001,117.339996,115.771347,73604300,695
2020-11-23,117.18,117.620003,113.75,113.849998,112.328011,127959300,696
2020-11-24,113.910004,115.849998,112.589996,115.169998,113.630363,113874200,697
2020-11-25,115.550003,116.75,115.169998,116.029999,114.478859,76499200,698
2020-11-27,116.57,117.489998,116.220001,116.589996,115.03138,46691300,699
2020-11-30,116.970001,120.970001,116.809998,119.050003,117.458496,169410200,700
2020-12-01,121.010002,123.470001,120.010002,122.720001,121.079437,127728200,701
2020-12-02,122.019997,123.370003,120.889999,123.080002,121.434624,89004200,702
2020-12-03,123.519997,123.779999,122.209999,122.940002,121.296501,78967600,703
2020-12-04,122.599998,122.860001,121.519997,122.25,120.615723,78260400,704
2020-12-07,122.309998,124.57,122.25,123.75,122.095673,86712000,705
2020-12-08,124.370003,124.980003,123.089996,124.379997,122.717232,82225500,706
2020-12-09,124.529999,125.949997,121,121.779999,120.151993,115089200,707
2020-12-10,120.5,123.870003,120.150002,123.239998,121.592476,81312200,708
2020-12-11,122.43,122.760002,120.550003,122.410004,120.773567,86939800,709
2020-12-14,122.599998,123.349998,121.540001,121.779999,120.151993,79184500,710
2020-12-15,124.339996,127.900002,124.129997,127.879997,126.170456,157243700,711
2020-12-16,127.410004,128.369995,126.559998,127.809998,126.101387,98208600,712
2020-12-17,128.899994,129.580002,128.039993,128.699997,126.979485,94359800,713
2020-12-18,128.960007,129.100006,126.120003,126.660004,124.966766,192541500,714
2020-12-21,125.019997,128.309998,123.449997,128.229996,126.515762,121251600,715
2020-12-22,131.610001,134.410004,129.649994,131.880005,130.116989,168904800,716
2020-12-23,132.160004,132.429993,130.779999,130.960007,129.20929,88223700,717
2020-12-24,131.320007,133.460007,131.100006,131.970001,130.20578,54930100,718
2020-12-28,133.990005,137.339996,133.509995,136.690002,134.862671,124486200,719
2020-12-29,138.050003,138.789993,134.339996,134.869995,133.067001,121047300,720
2020-12-30,135.580002,135.990005,133.399994,133.720001,131.932388,96452100,721
2020-12-31,134.080002,134.740005,131.720001,132.690002,130.916153,99116600,722
2021-01-04,133.520004,133.610001,126.760002,129.410004,127.68,143301900,723
2021-01-05,128.889999,131.740005,128.429993,131.009995,129.258606,97664900,724
2021-01-06,127.720001,131.050003,126.379997,126.599998,124.907547,155088000,725
2021-01-07,128.360001,131.630005,127.860001,130.919998,129.169815,109578200,726
2021-01-08,132.429993,132.630005,130.229996,132.050003,130.284698,105158200,727
2021-01-11,129.190002,130.169998,128.5,128.979996,127.25573,100384500,728
2021-01-12,128.5,129.690002,126.860001,128.800003,127.078148,91951100,729
2021-01-13,128.759995,131.449997,128.490005,130.889999,129.140228,88636800,730
2021-01-14,130.800003,131,128.759995,128.910004,127.186684,90221800,731
2021-01-15,128.779999,130.220001,127,127.139999,125.440346,111598500,732
2021-01-19,127.779999,128.710007,126.940002,127.830002,126.121124,90757300,733
2021-01-20,128.660004,132.490005,128.550003,132.029999,130.264969,104319500,734
2021-01-21,133.800003,139.669998,133.589996,136.869995,135.040268,120150900,735
2021-01-22,136.279999,139.850006,135.020004,139.070007,137.210861,114459400,736
2021-01-25,143.070007,145.089996,136.539993,142.919998,141.009399,157611700,737
2021-01-26,143.600006,144.300003,141.369995,143.160004,141.24617,98390600,738
2021-01-27,143.429993,144.300003,140.410004,142.059998,140.160904,140843800,739
2021-01-28,139.520004,141.990005,136.699997,137.089996,135.257355,142621100,740
2021-01-29,135.830002,136.740005,130.210007,131.960007,130.195908,177523800,741
2021-02-01,133.75,135.380005,130.929993,134.139999,132.346771,106239800,742
2021-02-02,135.729996,136.309998,134.610001,134.990005,133.185394,83305400,743
2021-02-03,135.759995,135.770004,133.610001,133.940002,132.149445,89880900,744
2021-02-04,136.300003,137.399994,134.589996,137.389999,135.553329,84183100,745
2021-02-05,137.350006,137.419998,135.860001,136.759995,135.133377,75693800,746
2021-02-08,136.029999,136.960007,134.919998,136.910004,135.281601,71297200,747
2021-02-09,136.619995,137.880005,135.850006,136.009995,134.392273,76774200,748
2021-02-10,136.479996,136.990005,134.399994,135.389999,133.779678,73046600,749
2021-02-11,135.899994,136.389999,133.770004,135.130005,133.522736,64280000,750
2021-02-12,134.350006,135.529999,133.690002,135.369995,133.759888,60145100,751
2021-02-16,135.490005,136.009995,132.789993,133.190002,131.60585,80576300,752
2021-02-17,131.25,132.220001,129.470001,130.839996,129.283768,97918500,753
2021-02-18,129.199997,130,127.410004,129.710007,128.167236,96856700,754
2021-02-19,130.240005,130.710007,128.800003,129.869995,128.325302,87668800,755
2021-02-22,128.009995,129.720001,125.599998,126,124.501358,103916400,756
2021-02-23,123.760002,126.709999,118.389999,125.860001,124.363007,158273000,757
2021-02-24,124.940002,125.559998,122.230003,125.349998,123.859085,111039900,758
2021-02-25,124.68,126.459999,120.540001,120.989998,119.550941,148199500,759
2021-02-26,122.589996,124.849998,121.199997,121.260002,119.817734,164560400,760
2021-03-01,123.75,127.93,122.790001,127.790001,126.270065,116307900,761
2021-03-02,128.410004,128.720001,125.010002,125.120003,123.631821,102260900,762
2021-03-03,124.809998,125.709999,121.839996,122.059998,120.608208,112966300,763
2021-03-04,121.75,123.599998,118.620003,120.129997,118.701172,178155000,764
2021-03-05,120.980003,121.940002,117.57,121.419998,119.97583,153766600,765
2021-03-08,120.93,121,116.209999,116.360001,114.976006,154376600,766
2021-03-09,119.029999,122.059998,118.790001,121.089996,119.649742,129525800,767
2021-03-10,121.690002,122.169998,119.449997,119.980003,118.552963,111943300,768
2021-03-11,122.540001,123.209999,121.260002,121.959999,120.509392,103026500,769
2021-03-12,120.400002,121.169998,119.160004,121.029999,119.590446,88105100,770
2021-03-15,121.410004,124,120.419998,123.989998,122.515259,92403800,771
2021-03-16,125.699997,127.220001,124.720001,125.57,124.076462,115227900,772
2021-03-17,124.050003,125.860001,122.339996,124.760002,123.2761,111932600,773
2021-03-18,122.879997,123.18,120.32,120.529999,119.096405,121229700,774
2021-03-19,119.900002,121.43,119.68,119.989998,118.562836,185549500,775
2021-03-22,120.330002,123.870003,120.260002,123.389999,121.922394,111912300,776
2021-03-23,123.330002,124.239998,122.139999,122.540001,121.082512,95467100,777
2021-03-24,122.82,122.900002,120.07,120.089996,118.661636,88530500,778
2021-03-25,119.540001,121.660004,119,120.589996,119.155693,98844700,779
2021-03-26,120.349998,121.480003,118.919998,121.209999,119.768311,94071200,780
2021-03-29,121.650002,122.580002,120.730003,121.389999,119.946167,80819200,781
2021-03-30,120.110001,120.400002,118.860001,119.900002,118.473892,85671900,782
2021-03-31,121.650002,123.519997,121.150002,122.150002,120.697144,118323800,783
2021-04-01,123.660004,124.18,122.489998,123,121.537025,75089100,784
2021-04-05,123.870003,126.160004,123.07,125.900002,124.40255,88651200,785
2021-04-06,126.5,127.129997,125.650002,126.209999,124.708855,80171300,786
2021-04-07,125.830002,127.919998,125.139999,127.900002,126.378754,83466700,787
2021-04-08,128.949997,130.389999,128.520004,130.360001,128.809494,88844600,788
2021-04-09,129.800003,133.039993,129.470001,133,131.418091,106686700,789
2021-04-12,132.520004,132.850006,130.630005,131.240005,129.679016,91420000,790
2021-04-13,132.440002,134.660004,131.929993,134.429993,132.83107,91266500,791
2021-04-14,134.940002,135,131.660004,132.029999,130.459625,87222800,792
2021-04-15,133.820007,135,133.639999,134.5,132.900253,89347100,793
2021-04-16,134.300003,134.669998,133.279999,134.160004,132.564285,84922400,794
2021-04-19,133.509995,135.470001,133.339996,134.839996,133.236221,94264200,795
2021-04-20,135.020004,135.529999,131.809998,133.110001,131.526779,94812300,796
2021-04-21,132.360001,133.75,131.300003,133.5,131.91214,68847100,797
2021-04-22,133.039993,134.149994,131.410004,131.940002,130.370697,84566500,798
2021-04-23,132.160004,135.119995,132.160004,134.320007,132.722382,78657500,799
2021-04-26,134.830002,135.059998,133.559998,134.720001,133.11763,66905100,800
2021-04-27,135.009995,135.410004,134.110001,134.389999,132.79158,66015800,801
2021-04-28,134.309998,135.020004,133.080002,133.580002,131.991196,107760100,802
2021-04-29,136.470001,137.070007,132.449997,133.479996,131.892365,151101000,803
2021-04-30,131.779999,133.559998,131.070007,131.460007,129.896408,109839500,804
2021-05-03,132.039993,134.070007,131.830002,132.539993,130.963562,75135100,805
2021-05-04,131.190002,131.490005,126.699997,127.849998,126.329346,137564700,806
2021-05-05,129.199997,130.449997,127.970001,128.100006,126.576378,84000900,807
2021-05-06,127.889999,129.75,127.129997,129.740005,128.196884,78128300,808
2021-05-07,130.850006,131.259995,129.479996,130.210007,128.879822,78973300,809
2021-05-10,129.410004,129.539993,126.809998,126.849998,125.554146,88071200,810
2021-05-11,123.5,126.269997,122.769997,125.910004,124.623749,126142800,811
2021-05-12,123.400002,124.639999,122.25,122.769997,121.515816,112172300,812
2021-05-13,124.580002,126.150002,124.260002,124.970001,123.693336,105861300,813
2021-05-14,126.25,127.889999,125.849998,127.449997,126.14801,81918000,814
2021-05-17,126.82,126.93,125.169998,126.269997,124.980064,74244600,815
2021-05-18,126.559998,126.989998,124.779999,124.849998,123.574562,63342900,816
2021-05-19,123.160004,124.919998,122.860001,124.690002,123.416214,92612000,817
2021-05-20,125.230003,127.720001,125.099998,127.309998,126.009438,76857100,818
2021-05-21,127.82,128,125.209999,125.43,124.148659,79295400,819
2021-05-24,126.010002,127.940002,125.940002,127.099998,125.801582,63092900,820
2021-05-25,127.82,128.320007,126.32,126.900002,125.60363,72009500,821
2021-05-26,126.959999,127.389999,126.419998,126.849998,125.554146,56575900,822
2021-05-27,126.440002,127.639999,125.080002,125.279999,124.000183,94625600,823
2021-05-28,125.57,125.800003,124.550003,124.610001,123.337021,71311100,824
2021-06-01,125.080002,125.349998,123.940002,124.279999,123.010391,67637100,825
2021-06-02,124.279999,125.239998,124.050003,125.059998,123.782417,59278900,826
2021-06-03,124.68,124.849998,123.129997,123.540001,122.277954,76229200,827
2021-06-04,124.07,126.160004,123.849998,125.889999,124.603951,75169300,828
2021-06-07,126.169998,126.32,124.830002,125.900002,124.613853,71057600,829
2021-06-08,126.599998,128.460007,126.209999,126.739998,125.445274,74403800,830
2021-06-09,127.209999,127.75,126.519997,127.129997,125.831276,56877900,831
2021-06-10,127.019997,128.190002,125.940002,126.110001,124.821701,71186400,832
2021-06-11,126.529999,127.440002,126.099998,127.349998,126.049026,53522400,833
2021-06-14,127.82,130.539993,127.07,130.479996,129.147034,96906500,834
2021-06-15,129.940002,130.600006,129.389999,129.639999,128.315643,62746300,835
2021-06-16,130.369995,130.889999,128.460007,130.149994,128.820435,91815000,836
2021-06-17,129.800003,132.550003,129.649994,131.789993,130.443665,96721700,837
2021-06-18,130.710007,131.509995,130.240005,130.460007,129.127274,108953300,838
2021-06-21,130.300003,132.410004,129.210007,132.300003,130.948471,79663300,839
2021-06-22,132.130005,134.080002,131.619995,133.979996,132.611298,74783600,840
2021-06-23,133.770004,134.320007,133.229996,133.699997,132.334167,60214200,841
2021-06-24,134.449997,134.639999,132.929993,133.410004,132.047134,68711000,842
2021-06-25,133.460007,133.889999,132.809998,133.110001,131.750198,70783700,843
2021-06-28,133.410004,135.25,133.350006,134.779999,133.403137,62111300,844
2021-06-29,134.800003,136.490005,134.350006,136.330002,134.937302,64556100,845
2021-06-30,136.169998,137.410004,135.869995,136.960007,135.560867,63261400,846
2021-07-01,136.600006,137.330002,135.759995,137.270004,135.867691,52485800,847
2021-07-02,137.899994,140,137.75,139.960007,138.530243,78852600,848
2021-07-06,140.070007,143.149994,140.070007,142.020004,140.569183,108181800,849
2021-07-07,143.539993,144.889999,142.660004,144.570007,143.093124,104911600,850
2021-07-08,141.580002,144.059998,140.669998,143.240005,141.776703,105575500,851
2021-07-09,142.75,145.649994,142.649994,145.110001,143.627609,99890800,852
2021-07-12,146.210007,146.320007,144,144.5,143.023834,76299700,853
2021-07-13,144.029999,147.460007,143.630005,145.639999,144.152191,100827100,854
2021-07-14,148.100006,149.570007,147.679993,149.149994,147.626328,127050800,855
2021-07-15,149.240005,150,147.089996,148.479996,146.963165,106820300,856
2021-07-16,148.460007,149.759995,145.880005,146.389999,144.894516,93251400,857
2021-07-19,143.75,144.070007,141.669998,142.449997,140.994781,121434600,858
2021-07-20,143.460007,147.100006,142.960007,146.149994,144.656982,96350000,859
2021-07-21,145.529999,146.130005,144.630005,145.399994,143.914642,74993500,860
2021-07-22,145.940002,148.199997,145.809998,146.800003,145.300323,77338200,861
2021-07-23,147.550003,148.720001,146.919998,148.559998,147.042343,71447400,862
2021-07-26,148.270004,149.830002,147.699997,148.990005,147.467972,72434100,863
2021-07-27,149.119995,149.210007,145.550003,146.770004,145.27066,104818600,864
2021-07-28,144.809998,146.970001,142.539993,144.979996,143.498947,118931200,865
2021-07-29,144.690002,146.550003,144.580002,145.639999,144.152191,56699500,866
2021-07-30,144.380005,146.330002,144.110001,145.860001,144.369949,70440600,867
2021-08-02,146.360001,146.949997,145.25,145.520004,144.033417,62880000,868
2021-08-03,145.809998,148.039993,145.179993,147.360001,145.854645,64786600,869
2021-08-04,147.270004,147.789993,146.279999,146.949997,145.448807,56368300,870
2021-08-05,146.979996,147.839996,146.169998,147.059998,145.557663,46397700,871
2021-08-06,146.350006,147.110001,145.630005,146.139999,144.8638,54126800,872
2021-08-09,146.199997,146.699997,145.520004,146.089996,144.814224,48908700,873
2021-08-10,146.440002,147.710007,145.300003,145.600006,144.328522,69023100,874
2021-08-11,146.050003,146.720001,145.529999,145.860001,144.586243,48493500,875
2021-08-12,146.190002,149.050003,145.839996,148.889999,147.589798,72282600,876
2021-08-13,148.970001,149.440002,148.270004,149.100006,147.797974,59375000,877
2021-08-16,148.539993,151.190002,146.470001,151.119995,149.800308,103296000,878
2021-08-17,150.229996,151.679993,149.089996,150.190002,148.878448,92229700,879
2021-08-18,149.800003,150.720001,146.149994,146.360001,145.081879,86326000,880
2021-08-19,145.029999,148,144.5,146.699997,145.418915,86960300,881
2021-08-20,147.440002,148.5,146.779999,148.190002,146.895889,60549600,882
2021-08-23,148.309998,150.190002,147.889999,149.710007,148.402634,60131800,883
2021-08-24,149.449997,150.860001,149.149994,149.619995,148.3134,48606400,884
2021-08-25,149.809998,150.320007,147.800003,148.360001,147.064407,58991300,885
2021-08-26,148.350006,149.119995,147.509995,147.539993,146.251572,48597200,886
2021-08-27,147.479996,148.75,146.830002,148.600006,147.302307,55802400,887
2021-08-30,149,153.490005,148.610001,153.119995,151.782837,90956700,888
2021-08-31,152.660004,152.800003,151.289993,151.830002,150.50412,86453100,889
2021-09-01,152.830002,154.979996,152.339996,152.509995,151.178146,80313700,890
2021-09-02,153.869995,154.720001,152.399994,153.649994,152.308212,71115500,891
2021-09-03,153.759995,154.630005,153.089996,154.300003,152.95253,57808700,892
2021-09-07,154.970001,157.259995,154.389999,156.690002,155.321686,82278300,893
2021-09-08,156.979996,157.039993,153.979996,155.110001,153.755478,74420200,894
2021-09-09,155.490005,156.110001,153.949997,154.070007,152.724548,57305700,895
2021-09-10,155,155.479996,148.699997,148.970001,147.669083,140893200,896
2021-09-13,150.630005,151.419998,148.75,149.550003,148.244034,102404300,897
2021-09-14,150.350006,151.070007,146.910004,148.119995,146.826492,109296300,898
2021-09-15,148.559998,149.440002,146.369995,149.029999,147.728561,83281300,899
2021-09-16,148.440002,148.970001,147.220001,148.789993,147.490646,68034100,900
2021-09-17,148.820007,148.820007,145.759995,146.059998,144.7845,129868800,901
2021-09-20,143.800003,144.839996,141.270004,142.940002,141.691757,123478900,902
2021-09-21,143.929993,144.600006,142.779999,143.429993,142.17746,75834000,903
2021-09-22,144.449997,146.429993,143.699997,145.850006,144.576324,76404300,904
2021-09-23,146.649994,147.080002,145.639999,146.830002,145.54776,64838200,905
2021-09-24,145.660004,147.470001,145.559998,146.919998,145.636978,53477900,906
2021-09-27,145.470001,145.960007,143.820007,145.369995,144.10054,74150700,907
2021-09-28,143.25,144.75,141.690002,141.910004,140.670731,108972300,908
2021-09-29,142.470001,144.449997,142.029999,142.830002,141.582703,74602000,909
2021-09-30,143.660004,144.380005,141.279999,141.5,140.264313,89056700,910
2021-10-01,141.899994,142.919998,139.110001,142.649994,141.404251,94639600,911
2021-10-04,141.759995,142.210007,138.270004,139.139999,137.924911,98322000,912
2021-10-05,139.490005,142.240005,139.360001,141.110001,139.877716,80861100,913
2021-10-06,139.470001,142.149994,138.369995,142,140.759964,83221100,914
2021-10-07,143.059998,144.220001,142.720001,143.289993,142.038681,61732700,915
2021-10-08,144.029999,144.179993,142.559998,142.899994,141.652069,58773200,916
2021-10-11,142.270004,144.809998,141.809998,142.809998,141.562881,64452200,917
2021-10-12,143.229996,143.25,141.039993,141.509995,140.274231,73035900,918
2021-10-13,141.240005,141.399994,139.199997,140.910004,139.679459,78762700,919
2021-10-14,142.110001,143.880005,141.509995,143.759995,142.504593,69907100,920
2021-10-15,143.770004,144.899994,143.509995,144.839996,143.57515,67940300,921
2021-10-18,143.449997,146.839996,143.160004,146.550003,145.270218,85589200,922
2021-10-19,147.009995,149.169998,146.550003,148.759995,147.460907,76378900,923
2021-10-20,148.699997,149.75,148.119995,149.259995,147.956558,58418800,924
2021-10-21,148.809998,149.639999,147.869995,149.479996,148.174637,61421000,925
2021-10-22,149.690002,150.179993,148.639999,148.690002,147.391541,58883400,926
2021-10-25,148.679993,149.369995,147.619995,148.639999,147.341949,50720600,927
2021-10-26,149.330002,150.839996,149.009995,149.320007,148.016052,60893400,928
2021-10-27,149.360001,149.729996,148.490005,148.850006,147.550125,56094900,929
2021-10-28,149.820007,153.169998,149.720001,152.570007,151.23764,100077900,930
2021-10-29,147.220001,149.940002,146.410004,149.800003,148.491837,124953200,931
2021-11-01,148.990005,149.699997,147.800003,148.960007,147.65918,74588300,932
2021-11-02,148.660004,151.570007,148.649994,150.020004,148.709915,69122000,933
2021-11-03,150.389999,151.970001,149.820007,151.490005,150.167084,54511500,934
2021-11-04,151.580002,152.429993,150.639999,150.960007,149.641708,60394600,935
2021-11-05,151.889999,152.199997,150.059998,151.279999,150.17778,65463900,936
2021-11-08,151.410004,151.570007,150.160004,150.440002,149.343903,55020900,937
2021-11-09,150.199997,151.429993,150.059998,150.809998,149.711197,56787900,938
2021-11-10,150.020004,150.130005,147.850006,147.919998,146.842255,65187100,939
2021-11-11,148.960007,149.429993,147.679993,147.869995,146.792603,41000000,940
2021-11-12,148.429993,150.399994,147.479996,149.990005,148.897186,63804000,941
2021-11-15,150.369995,151.880005,149.429993,150,148.907089,59222800,942
2021-11-16,149.940002,151.490005,149.339996,151,149.899811,59256200,943
2021-11-17,151,155,150.990005,153.490005,152.371674,88807000,944
2021-11-18,153.710007,158.669998,153.050003,157.869995,156.719757,137827700,945
2021-11-19,157.649994,161.020004,156.529999,160.550003,159.380249,117305600,946
2021-11-22,161.679993,165.699997,161,161.020004,159.846802,117467900,947
2021-11-23,161.119995,161.800003,159.059998,161.410004,160.233978,96041900,948
2021-11-24,160.75,162.139999,159.639999,161.940002,160.760101,69463600,949
2021-11-26,159.570007,160.449997,156.360001,156.809998,155.667496,76959800,950
2021-11-29,159.369995,161.190002,158.789993,160.240005,159.072479,88748200,951
2021-11-30,159.990005,165.520004,159.919998,165.300003,164.095627,174048100,952
2021-12-01,167.479996,170.300003,164.529999,164.770004,163.569489,152052500,953
2021-12-02,158.740005,164.199997,157.800003,163.759995,162.566833,136739200,954
2021-12-03,164.020004,164.960007,159.720001,161.839996,160.660828,118023100,955
2021-12-06,164.289993,167.880005,164.279999,165.320007,164.115479,107497000,956
2021-12-07,169.080002,171.580002,168.339996,171.179993,169.93277,120405400,957
2021-12-08,172.130005,175.960007,170.699997,175.080002,173.804367,116998900,958
2021-12-09,174.910004,176.75,173.919998,174.559998,173.288147,108923700,959
2021-12-10,175.210007,179.630005,174.690002,179.449997,178.142532,115402700,960
2021-12-13,181.119995,182.130005,175.529999,175.740005,174.459549,153237000,961
2021-12-14,175.25,177.740005,172.210007,174.330002,173.059845,139380400,962
2021-12-15,175.110001,179.5,172.309998,179.300003,177.993607,131063300,963
2021-12-16,179.279999,181.139999,170.75,172.259995,171.004913,150185800,964
2021-12-17,169.929993,173.470001,169.690002,171.139999,169.893082,195432700,965
2021-12-20,168.279999,170.580002,167.460007,169.75,168.513199,107499100,966
2021-12-21,171.559998,173.199997,169.119995,172.990005,171.729584,91185900,967
2021-12-22,173.039993,175.860001,172.149994,175.639999,174.360275,92135300,968
2021-12-23,175.850006,176.850006,175.270004,176.279999,174.995636,68356600,969
2021-12-27,177.089996,180.419998,177.070007,180.330002,179.016129,74919600,970
2021-12-28,180.160004,181.330002,178.529999,179.289993,177.983673,79144300,971
2021-12-29,179.330002,180.630005,178.139999,179.380005,178.073029,62348900,972
2021-12-30,179.470001,180.570007,178.089996,178.199997,176.901642,59773000,973
2021-12-31,178.089996,179.229996,177.259995,177.570007,176.276215,64062300,974
2022-01-03,177.830002,182.880005,177.710007,182.009995,180.683884,104487900,975
2022-01-04,182.630005,182.940002,179.119995,179.699997,178.390717,99310400,976
2022-01-05,179.610001,180.169998,174.639999,174.919998,173.645523,94537600,977
2022-01-06,172.699997,175.300003,171.639999,172,170.746826,96904000,978
2022-01-07,172.889999,174.139999,171.029999,172.169998,170.915573,86709100,979
2022-01-10,169.080002,172.5,168.169998,172.190002,170.93544,106765600,980
2022-01-11,172.320007,175.179993,170.820007,175.080002,173.804367,76138300,981
2022-01-12,176.119995,177.179993,174.820007,175.529999,174.251068,74805200,982
2022-01-13,175.779999,176.619995,171.789993,172.190002,170.93544,84505800,983
2022-01-14,171.339996,173.779999,171.089996,173.070007,171.809036,80440800,984
2022-01-18,171.509995,172.539993,169.410004,169.800003,168.56282,90956700,985
2022-01-19,170,171.080002,165.940002,166.229996,165.018845,94815000,986
2022-01-20,166.979996,169.679993,164.179993,164.509995,163.311386,91420500,987
2022-01-21,164.419998,166.330002,162.300003,162.410004,161.2267,122848900,988
2022-01-24,160.020004,162.300003,154.699997,161.619995,160.442429,162294600,989
2022-01-25,158.979996,162.759995,157.020004,159.779999,158.615845,115798400,990
2022-01-26,163.5,164.389999,157.820007,159.690002,158.526505,108275300,991
2022-01-27,162.449997,163.839996,158.279999,159.220001,158.059921,121954600,992
2022-01-28,165.710007,170.350006,162.800003,170.330002,169.088974,179935700,993
2022-01-31,170.160004,175,169.509995,174.779999,173.506546,115541600,994
2022-02-01,174.009995,174.839996,172.309998,174.610001,173.337784,86213900,995
2022-02-02,174.75,175.880005,173.330002,175.839996,174.558838,84914300,996
2022-02-03,174.479996,176.240005,172.119995,172.899994,171.640244,89418100,997
2022-02-04,171.679993,174.100006,170.679993,172.389999,171.35202,82465400,998
2022-02-07,172.860001,173.949997,170.949997,171.660004,170.626404,77251200,999
2022-02-08,171.729996,175.350006,171.429993,174.830002,173.777313,74829200,1000
2022-02-09,176.050003,176.649994,174.899994,176.279999,175.218567,71285000,1001
2022-02-10,174.139999,175.479996,171.550003,172.119995,171.083618,90865900,1002
2022-02-11,172.330002,173.080002,168.039993,168.639999,167.624573,98670700,1003
2022-02-14,167.369995,169.580002,166.559998,168.880005,167.863144,86185500,1004
2022-02-15,170.970001,172.949997,170.25,172.789993,171.749573,62527400,1005
2022-02-16,171.850006,173.339996,170.050003,172.550003,171.511032,61177400,1006
2022-02-17,171.029999,171.910004,168.470001,168.880005,167.863144,69589300,1007
2022-02-18,169.820007,170.539993,166.190002,167.300003,166.292664,82772700,1008
2022-02-22,164.979996,166.690002,162.149994,164.320007,163.330612,91162800,1009
2022-02-23,165.539993,166.149994,159.75,160.070007,159.106201,90009200,1010
2022-02-24,152.580002,162.850006,152,162.740005,161.760101,141147500,1011
2022-02-25,163.839996,165.119995,160.869995,164.850006,163.857407,91974200,1012
2022-02-28,163.059998,165.419998,162.429993,165.119995,164.125763,95056600,1013
2022-03-01,164.699997,166.600006,161.970001,163.199997,162.217331,83474400,1014
2022-03-02,164.389999,167.360001,162.949997,166.559998,165.557114,79724800,1015
2022-03-03,168.470001,168.910004,165.550003,166.229996,165.22908,76678400,1016
2022-03-04,164.490005,165.550003,162.100006,163.169998,162.1875,83737200,1017
2022-03-07,163.360001,165.020004,159.039993,159.300003,158.34082,96418800,1018
2022-03-08,158.820007,162.880005,155.800003,157.440002,156.492004,131148300,1019
2022-03-09,161.479996,163.410004,159.410004,162.949997,161.968826,91454900,1020
2022-03-10,160.199997,160.389999,155.979996,158.520004,157.565506,105342000,1021
2022-03-11,158.929993,159.279999,154.5,154.729996,153.798325,96970100,1022
2022-03-14,151.449997,154.119995,150.100006,150.619995,149.713058,108732100,1023
2022-03-15,150.899994,155.570007,150.380005,155.089996,154.156158,92964300,1024
2022-03-16,157.050003,160,154.460007,159.589996,158.629074,102300200,1025
2022-03-17,158.610001,161,157.630005,160.619995,159.652863,75615400,1026
2022-03-18,160.509995,164.479996,159.759995,163.979996,162.99263,123511700,1027
2022-03-21,163.509995,166.350006,163.009995,165.380005,164.384201,95811400,1028
2022-03-22,165.509995,169.419998,164.910004,168.820007,167.803497,81532000,1029
2022-03-23,167.990005,172.639999,167.649994,170.210007,169.18512,98062700,1030
2022-03-24,171.059998,174.139999,170.210007,174.070007,173.021896,90131400,1031
2022-03-25,173.880005,175.279999,172.75,174.720001,173.667984,80546200,1032
2022-03-28,172.169998,175.729996,172,175.600006,174.542664,90371900,1033
2022-03-29,176.690002,179.009995,176.339996,178.960007,177.882446,100589400,1034
2022-03-30,178.550003,179.610001,176.699997,177.770004,176.699615,92633200,1035
2022-03-31,177.839996,178.029999,174.399994,174.610001,173.55864,103049300,1036
2022-04-01,174.029999,174.880005,171.940002,174.309998,173.260437,78751300,1037
2022-04-04,174.570007,178.490005,174.440002,178.440002,177.365585,76468400,1038
2022-04-05,177.5,178.300003,174.419998,175.059998,174.00592,73401800,1039
2022-04-06,172.360001,173.630005,170.130005,171.830002,170.795364,89058800,1040
2022-04-07,171.160004,173.360001,169.850006,172.139999,171.1035,77594700,1041
2022-04-08,171.779999,171.779999,169.199997,170.089996,169.065842,76575500,1042
2022-04-11,168.710007,169.029999,165.5,165.75,164.751968,72246700,1043
2022-04-12,168.020004,169.869995,166.639999,167.660004,166.650482,79265200,1044
2022-04-13,167.389999,171.039993,166.770004,170.399994,169.373978,70618900,1045
2022-04-14,170.619995,171.270004,165.039993,165.289993,164.294739,75329400,1046
2022-04-18,163.919998,166.600006,163.570007,165.070007,164.07608,69023900,1047
2022-04-19,165.020004,167.820007,163.910004,167.399994,166.392029,67723800,1048
2022-04-20,168.759995,168.880005,166.100006,167.229996,166.223068,67929800,1049
2022-04-21,168.910004,171.529999,165.910004,166.419998,165.417953,87227800,1050
2022-04-22,166.460007,167.869995,161.5,161.789993,160.815826,84882400,1051
2022-04-25,161.119995,163.169998,158.460007,162.880005,161.899277,96046400,1052
2022-04-26,162.25,162.339996,156.720001,156.800003,155.855896,95623200,1053
2022-04-27,155.910004,159.789993,155.380005,156.570007,155.627274,88063200,1054
2022-04-28,159.25,164.520004,158.929993,163.639999,162.654678,130216800,1055
2022-04-29,161.839996,166.199997,157.25,157.649994,156.700729,131747600,1056
2022-05-02,156.710007,158.229996,153.270004,157.960007,157.008896,123055300,1057
2022-05-03,158.149994,160.710007,156.320007,159.479996,158.51973,88966500,1058
2022-05-04,159.669998,166.479996,159.259995,166.020004,165.020355,108256500,1059
2022-05-05,163.850006,164.080002,154.949997,156.770004,155.826065,130525300,1060
2022-05-06,156.009995,159.440002,154.179993,157.279999,156.562683,116124600,1061
2022-05-09,154.929993,155.830002,151.490005,152.059998,151.366486,131577900,1062
2022-05-10,155.520004,156.740005,152.929993,154.509995,153.805298,115366700,1063
2022-05-11,153.5,155.449997,145.809998,146.5,145.831848,142689800,1064
2022-05-12,142.770004,146.199997,138.800003,142.559998,141.909805,182602000,1065
2022-05-13,144.589996,148.100006,143.110001,147.110001,146.439056,113990900,1066
2022-05-16,145.550003,147.520004,144.179993,145.539993,144.876205,86643800,1067
2022-05-17,148.860001,149.770004,146.679993,149.240005,148.559357,78336300,1068
2022-05-18,146.850006,147.360001,139.899994,140.820007,140.17775,109742900,1069
2022-05-19,139.880005,141.660004,136.600006,137.350006,136.723587,136095600,1070
2022-05-20,139.089996,140.699997,132.610001,137.589996,136.962479,137426100,1071
2022-05-23,137.789993,143.259995,137.649994,143.110001,142.457306,117726300,1072
2022-05-24,140.809998,141.970001,137.330002,140.360001,139.719849,104132700,1073
2022-05-25,138.429993,141.789993,138.339996,140.520004,139.87912,92482700,1074
2022-05-26,137.389999,144.339996,137.139999,143.779999,143.124252,90601500,1075
2022-05-27,145.389999,149.679993,145.259995,149.639999,148.95752,90978500,1076
2022-05-31,149.070007,150.660004,146.839996,148.839996,148.161179,103718400,1077
2022-06-01,149.899994,151.740005,147.679993,148.710007,148.031784,74286600,1078
2022-06-02,147.830002,151.270004,146.860001,151.210007,150.52037,72348100,1079
2022-06-03,146.899994,147.970001,144.460007,145.380005,144.716949,88570300,1080
2022-06-06,147.029999,148.570007,144.899994,146.139999,145.473495,71598400,1081
2022-06-07,144.350006,149,144.100006,148.710007,148.031784,67808200,1082
2022-06-08,148.580002,149.869995,147.460007,147.960007,147.285187,53950200,1083
2022-06-09,147.080002,147.949997,142.529999,142.639999,141.989456,69473000,1084
2022-06-10,140.279999,140.759995,137.059998,137.130005,136.504593,91437900,1085
2022-06-13,132.869995,135.199997,131.440002,131.880005,131.278519,122207100,1086
2022-06-14,133.130005,133.889999,131.479996,132.759995,132.154495,84784300,1087
2022-06-15,134.289993,137.339996,132.160004,135.429993,134.812317,91533000,1088
2022-06-16,132.080002,132.389999,129.039993,130.059998,129.466812,108123900,1089
2022-06-17,130.070007,133.080002,129.809998,131.559998,130.959976,134520300,1090
2022-06-21,133.419998,137.059998,133.320007,135.869995,135.250305,81000500,1091
2022-06-22,134.789993,137.759995,133.910004,135.350006,134.732697,73409200,1092
2022-06-23,136.820007,138.589996,135.630005,138.270004,137.639374,72433800,1093
2022-06-24,139.899994,141.910004,139.770004,141.660004,141.013931,89116800,1094
2022-06-27,142.699997,143.490005,140.970001,141.660004,141.013931,70207900,1095
2022-06-28,142.130005,143.419998,137.320007,137.440002,136.813171,67083400,1096
2022-06-29,137.460007,140.669998,136.669998,139.229996,138.595001,66242400,1097
2022-06-30,137.25,138.369995,133.770004,136.720001,136.096451,98964500,1098
2022-07-01,136.039993,139.039993,135.660004,138.929993,138.296356,71051600,1099
2022-07-05,137.770004,141.610001,136.929993,141.559998,140.914383,73353800,1100
2022-07-06,141.350006,144.119995,141.080002,142.919998,142.268158,74064300,1101
2022-07-07,143.289993,146.550003,143.279999,146.350006,145.682541,66253700,1102
2022-07-08,145.259995,147.550003,145,147.039993,146.36937,64547800,1103
2022-07-11,145.669998,146.639999,143.779999,144.869995,144.209274,63141600,1104
2022-07-12,145.759995,148.449997,145.050003,145.860001,145.194748,77588800,1105
2022-07-13,142.990005,146.449997,142.119995,145.490005,144.826447,71185600,1106
2022-07-14,144.080002,148.949997,143.25,148.470001,147.792862,78140700,1107
2022-07-15,149.779999,150.860001,148.199997,150.169998,149.485092,76259900,1108
2022-07-18,150.740005,151.570007,146.699997,147.070007,146.399261,81420900,1109
2022-07-19,147.919998,151.229996,146.910004,151,150.31131,82982400,1110
2022-07-20,151.119995,153.720001,150.369995,153.039993,152.34201,64823400,1111
2022-07-21,154.5,155.570007,151.940002,155.350006,154.641479,65086600,1112
2022-07-22,155.389999,156.279999,153.410004,154.089996,153.387222,66675400,1113
2022-07-25,154.009995,155.039993,152.279999,152.949997,152.252426,53623900,1114
2022-07-26,152.259995,153.089996,150.800003,151.600006,150.908585,55138700,1115
2022-07-27,152.580002,157.330002,152.160004,156.789993,156.074905,78620700,1116
2022-07-28,156.979996,157.639999,154.410004,157.350006,156.63237,81378700,1117
2022-07-29,161.240005,163.630005,159.5,162.509995,161.768814,101786900,1118
2022-08-01,161.009995,163.589996,160.889999,161.509995,160.773376,67829400,1119
2022-08-02,160.100006,162.410004,159.630005,160.009995,159.280212,59907000,1120
2022-08-03,160.839996,166.589996,160.75,166.130005,165.372314,82507500,1121
2022-08-04,166.009995,167.190002,164.429993,165.809998,165.053772,55474100,1122
2022-08-05,163.210007,165.850006,163,165.350006,164.824509,56697000,1123
2022-08-08,166.369995,167.809998,164.199997,164.869995,164.346024,60276900,1124
2022-08-09,164.020004,165.820007,163.25,164.919998,164.395859,63135500,1125
2022-08-10,167.679993,169.339996,166.899994,169.240005,168.702148,70170500,1126
2022-08-11,170.059998,170.990005,168.190002,168.490005,167.954529,57149200,1127
2022-08-12,169.820007,172.169998,169.399994,172.100006,171.553055,68039400,1128
2022-08-15,171.520004,173.389999,171.350006,173.190002,172.639587,54091700,1129
2022-08-16,172.779999,173.710007,171.660004,173.029999,172.480087,56377100,1130
2022-08-17,172.770004,176.149994,172.570007,174.550003,173.99527,79542000,1131
2022-08-18,173.75,174.899994,173.119995,174.149994,173.596527,62290100,1132
2022-08-19,173.029999,173.740005,171.309998,171.520004,170.974899,70346300,1133
2022-08-22,169.690002,169.860001,167.139999,167.570007,167.03746,69026800,1134
2022-08-23,167.080002,168.710007,166.649994,167.229996,166.698532,54147100,1135
2022-08-24,167.320007,168.110001,166.25,167.529999,166.997574,53841500,1136
2022-08-25,168.779999,170.139999,168.350006,170.029999,169.489624,51218200,1137
2022-08-26,170.570007,171.050003,163.559998,163.619995,163.099991,78961000,1138
2022-08-29,161.149994,162.899994,159.820007,161.380005,160.867126,73314000,1139
2022-08-30,162.130005,162.559998,157.720001,158.910004,158.404984,77906200,1140
2022-08-31,160.309998,160.580002,157.139999,157.220001,156.720337,87991100,1141
2022-09-01,156.639999,158.419998,154.669998,157.960007,157.457993,74229900,1142
2022-09-02,159.75,160.360001,154.970001,155.809998,155.314819,76957800,1143
2022-09-06,156.470001,157.089996,153.690002,154.529999,154.038879,73714800,1144
2022-09-07,154.820007,156.669998,153.610001,155.960007,155.464355,87449600,1145
2022-09-08,154.639999,156.360001,152.679993,154.460007,153.969116,84923800,1146
2022-09-09,155.470001,157.820007,154.75,157.369995,156.869858,68028800,1147
2022-09-12,159.589996,164.259995,159.300003,163.429993,162.910599,104956000,1148
2022-09-13,159.899994,160.539993,153.369995,153.839996,153.351074,122656600,1149
2022-09-14,154.789993,157.100006,153.610001,155.309998,154.816406,87965400,1150
2022-09-15,154.649994,155.240005,151.380005,152.369995,151.885742,90481100,1151
2022-09-16,151.210007,151.350006,148.369995,150.699997,150.221054,162278800,1152
2022-09-19,149.309998,154.559998,149.100006,154.479996,153.989029,81474200,1153
2022-09-20,153.399994,158.080002,153.080002,156.899994,156.401352,107689800,1154
2022-09-21,157.339996,158.740005,153.600006,153.720001,153.231461,101696800,1155
2022-09-22,152.380005,154.470001,150.910004,152.740005,152.254578,86652500,1156
2022-09-23,151.190002,151.470001,148.559998,150.429993,149.951904,96029900,1157
2022-09-26,149.660004,153.770004,149.639999,150.770004,150.290833,93339400,1158
2022-09-27,152.740005,154.720001,149.949997,151.759995,151.277695,84442700,1159
2022-09-28,147.639999,150.639999,144.839996,149.839996,149.363785,146691400,1160
2022-09-29,146.100006,146.720001,140.679993,142.479996,142.027176,128138200,1161
2022-09-30,141.279999,143.100006,138,138.199997,137.760773,124925300,1162
2022-10-03,138.210007,143.070007,137.690002,142.449997,141.997269,114311700,1163
2022-10-04,145.029999,146.220001,144.259995,146.100006,145.635681,87830100,1164
2022-10-05,144.070007,147.380005,143.009995,146.399994,145.934708,79471000,1165
2022-10-06,145.809998,147.539993,145.220001,145.429993,144.967804,68402200,1166
2022-10-07,142.539993,143.100006,139.449997,140.089996,139.644775,85925600,1167
2022-10-10,140.419998,141.889999,138.570007,140.419998,139.973724,74899000,1168
2022-10-11,139.899994,141.350006,138.220001,138.979996,138.5383,77033700,1169
2022-10-12,139.130005,140.360001,138.160004,138.339996,137.90033,70433700,1170
2022-10-13,134.990005,143.589996,134.369995,142.990005,142.535583,113224000,1171
2022-10-14,144.309998,144.520004,138.190002,138.380005,137.940216,88598000,1172
2022-10-17,141.070007,142.899994,140.270004,142.410004,141.957413,85250900,1173
2022-10-18,145.490005,146.699997,140.610001,143.75,143.293152,99136600,1174
2022-10-19,141.690002,144.949997,141.5,143.860001,143.402802,61758300,1175
2022-10-20,143.020004,145.889999,142.649994,143.389999,142.934296,64522000,1176
2022-10-21,142.869995,147.850006,142.649994,147.270004,146.801971,86548600,1177
2022-10-24,147.190002,150.229996,146,149.449997,148.975021,75981900,1178
2022-10-25,150.089996,152.490005,149.360001,152.339996,151.85585,74732300,1179
2022-10-26,150.960007,151.990005,148.039993,149.350006,148.875351,88194300,1180
2022-10-27,148.070007,149.050003,144.130005,144.800003,144.339813,109180200,1181
2022-10-28,148.199997,157.5,147.820007,155.740005,155.245056,164762400,1182
2022-10-31,153.160004,154.240005,151.919998,153.339996,152.852661,97943200,1183
2022-11-01,155.080002,155.449997,149.130005,150.649994,150.171204,80379300,1184
2022-11-02,148.949997,152.169998,145,145.029999,144.569077,93604600,1185
2022-11-03,142.059998,142.800003,138.75,138.880005,138.438629,97918500,1186
2022-11-04,142.089996,142.669998,134.380005,138.380005,138.169037,140814800,1187
2022-11-07,137.110001,139.149994,135.669998,138.919998,138.708206,83374600,1188
2022-11-08,140.410004,141.429993,137.490005,139.5,139.287338,89908500,1189
2022-11-09,138.5,138.550003,134.589996,134.869995,134.664383,74917800,1190
2022-11-10,141.240005,146.869995,139.5,146.869995,146.646088,118854000,1191
2022-11-11,145.820007,150.009995,144.369995,149.699997,149.471771,93979700,1192
2022-11-14,148.970001,150.279999,147.429993,148.279999,148.05394,73374100,1193
2022-11-15,152.220001,153.589996,148.559998,150.039993,149.811249,89868300,1194
2022-11-16,149.130005,149.869995,147.289993,148.789993,148.563156,64218300,1195
2022-11-17,146.429993,151.479996,146.149994,150.720001,150.490234,80389400,1196
2022-11-18,152.309998,152.699997,149.970001,151.289993,151.059357,74829600,1197
2022-11-21,150.160004,150.369995,147.720001,148.009995,147.784348,58724100,1198
2022-11-22,148.130005,150.419998,146.929993,150.179993,149.951035,51804100,1199
2022-11-23,149.449997,151.830002,149.339996,151.070007,150.839706,58301400,1200
2022-11-25,148.309998,148.880005,147.119995,148.110001,147.884201,35195900,1201
2022-11-28,145.139999,146.639999,143.380005,144.220001,144.000137,69246000,1202
2022-11-29,144.289993,144.809998,140.350006,141.169998,140.954788,83763800,1203
2022-11-30,141.399994,148.720001,140.550003,148.029999,147.804321,111380900,1204
2022-12-01,148.210007,149.130005,146.610001,148.309998,148.083893,71250400,1205
2022-12-02,145.960007,148,145.649994,147.809998,147.584656,65447400,1206
2022-12-05,147.770004,150.919998,145.770004,146.630005,146.406464,68826400,1207
2022-12-06,147.070007,147.300003,141.919998,142.910004,142.692139,64727200,1208
2022-12-07,142.190002,143.369995,140,140.940002,140.725143,69721100,1209
2022-12-08,142.360001,143.520004,141.100006,142.649994,142.432526,62128300,1210
2022-12-09,142.339996,145.570007,140.899994,142.160004,141.943283,76097000,1211
2022-12-12,142.699997,144.5,141.059998,144.490005,144.26973,70462700,1212
2022-12-13,149.5,149.970001,144.240005,145.470001,145.24823,93886200,1213
2022-12-14,145.350006,146.660004,141.160004,143.210007,142.991684,82291200,1214
2022-12-15,141.110001,141.800003,136.029999,136.5,136.291901,98931900,1215
2022-12-16,136.690002,137.649994,133.729996,134.509995,134.304932,160156900,1216
2022-12-19,135.110001,135.199997,131.320007,132.369995,132.168198,79592600,1217
2022-12-20,131.389999,133.25,129.889999,132.300003,132.098312,77432800,1218
2022-12-21,132.979996,136.809998,132.75,135.449997,135.2435,85928000,1219
2022-12-22,134.350006,134.559998,130.300003,132.229996,132.028412,77852100,1220
2022-12-23,130.919998,132.419998,129.639999,131.860001,131.658981,63814900,1221
2022-12-27,131.380005,131.410004,128.720001,130.029999,129.831772,69007800,1222
2022-12-28,129.669998,131.029999,125.870003,126.040001,125.847855,85438400,1223
2022-12-29,127.989998,130.479996,127.730003,129.610001,129.412415,75703700,1224
2022-12-30,128.410004,129.949997,127.43,129.929993,129.731918,76960600,1225
2023-01-03,130.279999,130.899994,124.169998,125.07,124.879326,112117500,1226
2023-01-04,126.889999,128.660004,125.080002,126.360001,126.167366,89113600,1227
2023-01-05,127.129997,127.769997,124.760002,125.019997,124.829399,80962700,1228
2023-01-06,126.010002,130.289993,124.889999,129.619995,129.422394,87686600,1229
2023-01-09,130.470001,133.410004,129.889999,130.149994,129.951584,70790800,1230
2023-01-10,130.259995,131.259995,128.119995,130.729996,130.530701,63896200,1231
2023-01-11,131.25,133.509995,130.460007,133.490005,133.286499,69458900,1232
2023-01-12,133.880005,134.259995,131.440002,133.410004,133.206619,71379600,1233
2023-01-13,132.029999,134.919998,131.660004,134.759995,134.55455,57758000,1234
2023-01-17,134.830002,137.289993,134.130005,135.940002,135.732758,63646600,1235
2023-01-18,136.820007,138.610001,135.029999,135.210007,135.003876,69672800,1236
2023-01-19,134.080002,136.25,133.770004,135.270004,135.063782,58280400,1237
2023-01-20,135.279999,138.020004,134.220001,137.869995,137.659805,79972200,1238
2023-01-23,138.119995,143.320007,137.899994,141.110001,140.894882,81760300,1239
2023-01-24,140.309998,143.160004,140.300003,142.529999,142.312714,66435100,1240
2023-01-25,140.889999,142.429993,138.809998,141.860001,141.643738,65799300,1241
2023-01-26,143.169998,144.25,141.899994,143.960007,143.74054,54105100,1242
2023-01-27,143.160004,147.229996,143.080002,145.929993,145.70752,70492800,1243
2023-01-30,144.960007,145.550003,142.850006,143,142.781998,64015300,1244
2023-01-31,142.699997,144.339996,142.279999,144.289993,144.070023,65874500,1245
2023-02-01,143.970001,146.610001,141.320007,145.429993,145.208282,77663600,1246
2023-02-02,148.899994,151.179993,148.169998,150.820007,150.590088,118339000,1247
2023-02-03,148.029999,157.380005,147.830002,154.5,154.264465,154279900,1248
2023-02-06,152.570007,153.100006,150.779999,151.729996,151.498688,69858300,1249
2023-02-07,150.639999,155.229996,150.639999,154.649994,154.41423,83322600,1250
2023-02-08,153.880005,154.580002,151.169998,151.919998,151.6884,64120100,1251
2023-02-09,153.779999,154.330002,150.419998,150.869995,150.639999,56007100,1252
2023-02-10,149.460007,151.339996,149.220001,151.009995,151.009995,57409100,1253
2023-02-13,150.949997,154.259995,150.919998,153.850006,153.850006,62199000,1254
2023-02-14,152.119995,153.770004,150.860001,153.199997,153.199997,61707600,1255
2023-02-15,153.110001,155.5,152.880005,155.330002,155.330002,65669300,1256
2023-02-16,153.509995,156.330002,153.350006,153.710007,153.710007,68167900,1257
2023-02-17,152.350006,153,150.850006,152.550003,152.550003,59095900,1258